start_s,end_s,phoneme,sentence,mora,start_s_source,end_s_source,start_s_concat,end_s_concat,begin_frame,end_frame
0.043226,0.073226,g,N01_01,ゲ,0.0425,0.0725,0.0425,0.0725,3,5
0.073226,0.113226,e,N01_01,ゲ,0.0725,0.1125,0.0725,0.1125,6,9
0.113226,0.173226,N,N01_01,ン,0.1125,0.1725,0.1125,0.1725,10,15
0.173226,0.233226,z,N01_01,ゼ,0.1725,0.2325,0.1725,0.2325,16,21
0.233226,0.283226,e,N01_01,ゼ,0.2325,0.2825,0.2325,0.2825,22,26
0.283226,0.313226,e,N01_01,エ,0.2825,0.3125,0.2825,0.3125,27,29
0.313226,0.373226,o,N01_01,オ,0.3125,0.3725,0.3125,0.3725,30,35
0.373226,0.503226,s,N01_01,ス,0.3725,0.5025,0.3725,0.5025,36,48
0.503226,0.533226,u,N01_01,ス,0.5025,0.5325,0.5025,0.5325,49,51
0.533226,0.583226,r,N01_01,ル,0.5325,0.5825,0.5325,0.5825,52,56
0.583226,0.613226,u,N01_01,ル,0.5825,0.6125,0.5825,0.6125,57,59
0.613226,0.683226,n,N01_01,ナ,0.6125,0.6825,0.6125,0.6825,60,66
0.683226,0.743226,a,N01_01,ナ,0.6825,0.7425,0.6825,0.7425,67,72
0.743226,0.803226,r,N01_01,ラ,0.7425,0.8025,0.7425,0.8025,73,78
0.803226,0.983226,a,N01_01,ラ,0.8025,0.9825,0.8025,0.9825,79,96
0.983226,1.323226,sp,N01_01,",",0.9825,1.3225,0.9825,1.3225,97,130
1.323226,1.433226,z,N01_01,ザ,1.3225,1.4325,1.3225,1.4325,131,141
1.433226,1.503226,a,N01_01,ザ,1.4325,1.5025,1.4325,1.5025,142,148
1.503226,1.563226,i,N01_01,イ,1.5025,1.5625,1.5025,1.5625,149,154
1.563226,1.623226,g,N01_01,ゲ,1.5625,1.6225,1.5625,1.6225,155,160
1.623226,1.693226,e,N01_01,ゲ,1.6225,1.6925,1.6225,1.6925,161,167
1.693226,1.723226,N,N01_01,ン,1.6925,1.7225,1.6925,1.7225,168,170
1.723226,1.803226,w,N01_01,ワ,1.7225,1.8025,1.7225,1.8025,171,178
1.803226,1.833226,a,N01_01,ワ,1.8025,1.8325,1.8025,1.8325,179,181
1.833226,1.923226,d,N01_01,ド,1.8325,1.9225,1.8325,1.9225,182,190
1.923226,1.963226,o,N01_01,ド,1.9225,1.9625,1.9225,1.9625,191,194
1.963226,1.993226,o,N01_01,オ,1.9625,1.9925,1.9625,1.9925,195,197
1.993226,2.113226,s,N01_01,ス,1.9925,2.1125,1.9925,2.1125,198,209
2.113226,2.143226,u,N01_01,ス,2.1125,2.1425,2.1125,2.1425,210,212
2.143226,2.173226,r,N01_01,ル,2.1425,2.1725,2.1425,2.1725,213,215
2.173226,2.213226,u,N01_01,ル,2.1725,2.2125,2.1725,2.2125,216,219
2.213226,2.293226,n,N01_01,ノ,2.2125,2.2925,2.2125,2.2925,220,227
2.293226,2.363226,o,N01_01,ノ,2.2925,2.3625,2.2925,2.3625,228,234
2.363226,2.423226,k,N01_01,カ,2.3625,2.4225,2.3625,2.4225,235,240
2.423226,2.453226,a,N01_01,カ,2.4225,2.4525,2.4225,2.4525,241,243
2.453226,2.483226,sp,N01_01,.,2.4525,2.4825,2.4525,2.4825,244,246
2.8549494,2.8949494,y,N01_02,ヨ,0.0425,0.0825,2.8542234,2.8942234,3,6
2.8949494,2.9649494,o,N01_02,ヨ,0.0825,0.1525,2.8942234,2.9642234,7,13
2.9649494,3.0049494,k,N01_02,ク,0.1525,0.1925,2.9642234,3.0042234,14,17
3.0049494,3.0649494,u,N01_02,ク,0.1925,0.2525,3.0042234,3.0642234,18,23
3.0649494,3.1249494,k,N01_02,キ,0.2525,0.3125,3.0642234,3.1242234,24,29
3.1249494,3.1749494,i,N01_02,キ,0.3125,0.3625,3.1242234,3.1742234,30,34
3.1749494,3.2449494,k,N01_02,ク,0.3625,0.4325,3.1742234,3.2442234,35,41
3.2449494,3.3149494,u,N01_02,ク,0.4325,0.5025,3.2442234,3.3142234,42,48
3.3149494,3.3749494,k,N01_02,コ,0.5025,0.5625,3.3142234,3.3742234,49,54
3.3749494,3.4149494,o,N01_02,コ,0.5625,0.6025,3.3742234,3.4142234,55,58
3.4149494,3.4749494,n,N01_02,ノ,0.6025,0.6625,3.4142234,3.4742234,59,64
3.4749494,3.5249494,o,N01_02,ノ,0.6625,0.7125,3.4742234,3.5242234,65,69
3.5249494,3.6049494,t,N01_02,ト,0.7125,0.7925,3.5242234,3.6042234,70,77
3.6049494,3.6649494,o,N01_02,ト,0.7925,0.8525,3.6042234,3.6642234,78,83
3.6649494,3.7249494,i,N01_02,イ,0.8525,0.9125,3.6642234,3.7242234,84,89
3.7249494,3.8049494,n,N01_02,ニ,0.9125,0.9925,3.7242234,3.8042234,90,97
3.8049494,3.9549494,i,N01_02,ニ,0.9925,1.1425,3.8042234,3.9542234,98,112
3.9549494,4.3549494,sp,N01_02,",",1.1425,1.5425,3.9542234,4.3542234,113,152
4.3549494,4.4549494,a,N01_02,ア,1.5425,1.6425,4.3542234,4.4542234,153,162
4.4549494,4.5149494,i,N01_02,イ,1.6425,1.7025,4.4542234,4.5142234,163,168
4.5149494,4.5549494,d,N01_02,ダ,1.7025,1.7425,4.5142234,4.5542234,169,172
4.5549494,4.6049494,a,N01_02,ダ,1.7425,1.7925,4.5542234,4.6042234,173,177
4.6049494,4.6649494,t,N01_02,タ,1.7925,1.8525,4.6042234,4.6642234,178,183
4.6649494,4.7249494,a,N01_02,タ,1.8525,1.9125,4.6642234,4.7242234,184,189
4.7249494,4.7649494,k,N01_02,ク,1.9125,1.9525,4.7242234,4.7642234,190,193
4.7649494,4.7949494,u,N01_02,ク,1.9525,1.9825,4.7642234,4.7942234,194,196
4.7949494,4.8749494,j,N01_02,ジ,1.9825,2.0625,4.7942234,4.8742234,197,204
4.8749494,4.9049494,i,N01_02,ジ,2.0625,2.0925,4.8742234,4.9042234,205,207
4.9049494,4.9949494,s,N01_02,サ,2.0925,2.1825,4.9042234,4.9942234,208,216
4.9949494,5.3949494,a,N01_02,サ,2.1825,2.5825,4.9942234,5.3942234,217,256
5.3949494,5.6949494,N,N01_02,ン,2.5825,2.8825,5.3942234,5.6942234,257,286
5.6949494,5.7249494,w,N01_02,ワ,2.8825,2.9125,5.6942234,5.7242234,287,289
5.7249494,5.7549494,a,N01_02,ワ,2.9125,2.9425,5.7242234,5.7542234,290,292
5.7549494,5.8249494,k,N01_02,ケ,2.9425,3.0125,5.7542234,5.8242234,293,299
5.8249494,5.8949494,e,N01_02,ケ,3.0125,3.0825,5.8242234,5.8942234,300,306
5.8949494,5.9449494,i,N01_02,イ,3.0825,3.1325,5.8942234,5.9442234,307,311
5.9449494,6.0249494,z,N01_02,ザ,3.1325,3.2125,5.9442234,6.0242234,312,319
6.0249494,6.0849494,a,N01_02,ザ,3.2125,3.2725,6.0242234,6.0842234,320,325
6.0849494,6.1249494,i,N01_02,イ,3.2725,3.3125,6.0842234,6.1242234,326,329
6.1249494,6.2049494,s,N01_02,セ,3.3125,3.3925,6.1242234,6.2042234,330,337
6.2049494,6.3149494,e,N01_02,セ,3.3925,3.5025,6.2042234,6.3142234,338,348
6.3149494,6.3449494,i,N01_02,イ,3.5025,3.5325,6.3142234,6.3442234,349,351
6.3449494,6.4149494,ch,N01_02,チョ,3.5325,3.6025,6.3442234,6.4142234,352,358
6.4149494,6.4649494,o,N01_02,チョ,3.6025,3.6525,6.4142234,6.4642234,359,363
6.4649494,6.5349494,o,N01_02,オ,3.6525,3.7225,6.4642234,6.5342234,364,370
6.5349494,6.5849494,t,N01_02,ト,3.7225,3.7725,6.5342234,6.5842234,371,375
6.5849494,6.6349494,o,N01_02,ト,3.7725,3.8225,6.5842234,6.6342234,376,380
6.6349494,6.6649494,i,N01_02,イ,3.8225,3.8525,6.6342234,6.6642234,381,383
6.6649494,6.7349494,u,N01_02,ウ,3.8525,3.9225,6.6642234,6.7342234,384,390
6.7349494,6.8349494,sh,N01_02,シ,3.9225,4.0225,6.7342234,6.8342234,391,400
6.8349494,6.8649494,i,N01_02,シ,4.0225,4.0525,6.8342234,6.8642234,401,403
6.8649494,6.9049494,t,N01_02,テ,4.0525,4.0925,6.8642234,6.9042234,404,407
6.9049494,6.9549494,e,N01_02,テ,4.0925,4.1425,6.9042234,6.9542234,408,412
6.9549494,7.0349494,N,N01_02,ン,4.1425,4.2225,6.9542234,7.0342234,413,420
7.0349494,7.0949494,k,N01_02,カ,4.2225,4.2825,7.0342234,7.0942234,421,426
7.0949494,7.1249494,a,N01_02,カ,4.2825,4.3125,7.0942234,7.1242234,427,429
7.1249494,7.1749494,r,N01_02,ラ,4.3125,4.3625,7.1242234,7.1742234,430,434
7.1749494,7.3149494,a,N01_02,ラ,4.3625,4.5025,7.1742234,7.3142234,435,448
7.3149494,7.6049494,k,N01_02,コ,4.5025,4.7925,7.3142234,7.6042234,449,477
7.6049494,7.6649494,o,N01_02,コ,4.7925,4.8525,7.6042234,7.6642234,478,483
7.6649494,7.7249494,t,N01_02,タ,4.8525,4.9125,7.6642234,7.7242234,484,489
7.7249494,7.7849494,a,N01_02,タ,4.9125,4.9725,7.7242234,7.7842234,490,495
7.7849494,7.8449494,e,N01_02,エ,4.9725,5.0325,7.7842234,7.8442234,496,501
7.8449494,7.8949494,t,N01_02,テ,5.0325,5.0825,7.8442234,7.8942234,502,506
7.8949494,7.9249494,e,N01_02,テ,5.0825,5.1125,7.8942234,7.9242234,507,509
7.9249494,7.9849494,i,N01_02,イ,5.1125,5.1725,7.9242234,7.9842234,510,515
7.9849494,8.0549494,m,N01_02,マ,5.1725,5.2425,7.9842234,8.0542234,516,522
8.0549494,8.0949494,a,N01_02,マ,5.2425,5.2825,8.0542234,8.0942234,523,526
8.0949494,8.1649494,s,N01_02,ス,5.2825,5.3525,8.0942234,8.1642234,527,533
8.1649494,8.1949494,u,N01_02,ス,5.3525,5.3825,8.1642234,8.1942234,534,536
8.1949494,8.2249494,sp,N01_02,.,5.3825,5.4125,8.1942234,8.2242234,537,539
8.537489,8.567489,k,N01_03,コ,0.0425,0.0725,8.536763,8.566763,3,5
8.567489,8.607489,o,N01_03,コ,0.0725,0.1125,8.566763,8.606763,6,9
8.607489,8.657489,k,N01_03,ク,0.1125,0.1625,8.606763,8.656763,10,14
8.657489,8.687489,u,N01_03,ク,0.1625,0.1925,8.656763,8.686763,15,17
8.687489,8.767489,s,N01_03,サ,0.1925,0.2725,8.686763,8.766763,18,25
8.767489,8.837489,a,N01_03,サ,0.2725,0.3425,8.766763,8.836763,26,32
8.837489,8.897489,i,N01_03,イ,0.3425,0.4025,8.836763,8.896763,33,38
8.897489,8.967489,e,N01_03,エ,0.4025,0.4725,8.896763,8.966763,39,45
8.967489,9.027489,n,N01_03,ノ,0.4725,0.5325,8.966763,9.026763,46,51
9.027489,9.057489,o,N01_03,ノ,0.5325,0.5625,9.026763,9.056763,52,54
9.057489,9.177489,f,N01_03,フ,0.5625,0.6825,9.056763,9.176763,55,66
9.177489,9.217489,u,N01_03,フ,0.6825,0.7225,9.176763,9.216763,67,70
9.217489,9.267489,a,N01_03,ア,0.7225,0.7725,9.216763,9.266763,71,75
9.267489,9.377489,N,N01_03,ン,0.7725,0.8825,9.266763,9.376763,76,86
9.377489,9.457489,t,N01_03,ト,0.8825,0.9625,9.376763,9.456763,87,94
9.457489,9.587489,o,N01_03,ト,0.9625,1.0925,9.456763,9.586763,95,107
9.587489,10.057489,sp,N01_03,",",1.0925,1.5625,9.586763,10.056763,108,154
10.057489,10.087489,w,N01_03,ワ,1.5625,1.5925,10.056763,10.086763,155,157
10.087489,10.127489,a,N01_03,ワ,1.5925,1.6325,10.086763,10.126763,158,161
10.127489,10.177489,t,N01_03,タ,1.6325,1.6825,10.126763,10.176763,162,166
10.177489,10.237489,a,N01_03,タ,1.6825,1.7425,10.176763,10.236763,167,172
10.237489,10.337489,sh,N01_03,シ,1.7425,1.8425,10.236763,10.336763,173,182
10.337489,10.367489,i,N01_03,シ,1.8425,1.8725,10.336763,10.366763,183,185
10.367489,10.407489,t,N01_03,タ,1.8725,1.9125,10.366763,10.406763,186,189
10.407489,10.437489,a,N01_03,タ,1.9125,1.9425,10.406763,10.436763,190,192
10.437489,10.547489,ch,N01_03,チ,1.9425,2.0525,10.436763,10.546763,193,203
10.547489,10.577489,i,N01_03,チ,2.0525,2.0825,10.546763,10.576763,204,206
10.577489,10.617489,n,N01_03,ノ,2.0825,2.1225,10.576763,10.616763,207,210
10.617489,10.687489,o,N01_03,ノ,2.1225,2.1925,10.616763,10.686763,211,217
10.687489,10.737489,k,N01_03,ク,2.1925,2.2425,10.686763,10.736763,218,222
10.737489,10.777489,u,N01_03,ク,2.2425,2.2825,10.736763,10.776763,223,226
10.777489,10.837489,r,N01_03,ラ,2.2825,2.3425,10.776763,10.836763,227,232
10.837489,10.867489,a,N01_03,ラ,2.3425,2.3725,10.836763,10.866763,233,235
10.867489,10.977489,sh,N01_03,シ,2.3725,2.4825,10.866763,10.976763,236,246
10.977489,11.007489,i,N01_03,シ,2.4825,2.5125,10.976763,11.006763,247,249
11.007489,11.047489,o,N01_03,オ,2.5125,2.5525,11.006763,11.046763,250,253
11.047489,11.147489,s,N01_03,サ,2.5525,2.6525,11.046763,11.146763,254,263
11.147489,11.177489,a,N01_03,サ,2.6525,2.6825,11.146763,11.176763,264,266
11.177489,11.267489,s,N01_03,サ,2.6825,2.7725,11.176763,11.266763,267,275
11.267489,11.297489,a,N01_03,サ,2.7725,2.8025,11.266763,11.296763,276,278
11.297489,11.367489,e,N01_03,エ,2.8025,2.8725,11.296763,11.366763,279,285
11.367489,11.407489,r,N01_03,ル,2.8725,2.9125,11.366763,11.406763,286,289
11.407489,11.437489,u,N01_03,ル,2.9125,2.9425,11.406763,11.436763,290,292
11.437489,11.537489,s,N01_03,セ,2.9425,3.0425,11.436763,11.536763,293,302
11.537489,11.577489,e,N01_03,セ,3.0425,3.0825,11.536763,11.576763,303,306
11.577489,11.627489,e,N01_03,エ,3.0825,3.1325,11.576763,11.626763,307,311
11.627489,11.717489,s,N01_03,サ,3.1325,3.2225,11.626763,11.716763,312,320
11.717489,11.767489,a,N01_03,サ,3.2225,3.2725,11.716763,11.766763,321,325
11.767489,11.847489,k,N01_03,ク,3.2725,3.3525,11.766763,11.846763,326,333
11.847489,11.877489,u,N01_03,ク,3.3525,3.3825,11.846763,11.876763,334,336
11.877489,11.947489,w,N01_03,ワ,3.3825,3.4525,11.876763,11.946763,337,343
11.947489,12.127489,a,N01_03,ワ,3.4525,3.6325,11.946763,12.126763,344,361
12.127489,12.487489,sp,N01_03,",",3.6325,3.9925,12.126763,12.486763,362,397
12.487489,12.547489,d,N01_03,ド,3.9925,4.0525,12.486763,12.546763,398,403
12.547489,12.577489,o,N01_03,ド,4.0525,4.0825,12.546763,12.576763,404,406
12.577489,12.637489,o,N01_03,オ,4.0825,4.1425,12.576763,12.636763,407,412
12.637489,12.727489,ts,N01_03,ツ,4.1425,4.2325,12.636763,12.726763,413,421
12.727489,12.757489,u,N01_03,ツ,4.2325,4.2625,12.726763,12.756763,422,424
12.757489,12.797489,n,N01_03,ナ,4.2625,4.3025,12.756763,12.796763,425,428
12.797489,12.867489,a,N01_03,ナ,4.3025,4.3725,12.796763,12.866763,429,435
12.867489,12.917489,g,N01_03,ガ,4.3725,4.4225,12.866763,12.916763,436,440
12.917489,12.957489,a,N01_03,ガ,4.4225,4.4625,12.916763,12.956763,441,444
12.957489,13.007489,r,N01_03,ル,4.4625,4.5125,12.956763,13.006763,445,449
13.007489,13.037489,u,N01_03,ル,4.5125,4.5425,13.006763,13.036763,450,452
13.037489,13.097489,n,N01_03,ノ,4.5425,4.6025,13.036763,13.096763,453,458
13.097489,13.137489,o,N01_03,ノ,4.6025,4.6425,13.096763,13.136763,459,462
13.137489,13.197489,d,N01_03,デ,4.6425,4.7025,13.136763,13.196763,463,468
13.197489,13.227489,e,N01_03,デ,4.7025,4.7325,13.196763,13.226763,469,471
13.227489,13.347489,sh,N01_03,ショ,4.7325,4.8525,13.226763,13.346763,472,483
13.347489,13.377489,o,N01_03,ショ,4.8525,4.8825,13.346763,13.376763,484,486
13.377489,13.447489,o,N01_03,オ,4.8825,4.9525,13.376763,13.446763,487,493
13.447489,13.517489,k,N01_03,カ,4.9525,5.0225,13.446763,13.516763,494,500
13.517489,13.557489,a,N01_03,カ,5.0225,5.0625,13.516763,13.556763,501,504
13.557489,13.587489,sp,N01_03,.,5.0625,5.0925,13.556763,13.586763,505,507
13.9405276,13.9705276,h,N01_04,ハ,0.0425,0.0725,13.9398016,13.9698016,3,5
13.9705276,14.0205276,a,N01_04,ハ,0.0725,0.1225,13.9698016,14.0198016,6,10
14.0205276,14.1205276,ts,N01_04,ツ,0.1225,0.2225,14.0198016,14.1198016,11,20
14.1205276,14.1505276,u,N01_04,ツ,0.2225,0.2525,14.1198016,14.1498016,21,23
14.1505276,14.1905276,g,N01_04,ゲ,0.2525,0.2925,14.1498016,14.1898016,24,27
14.1905276,14.2605276,e,N01_04,ゲ,0.2925,0.3625,14.1898016,14.2598016,28,34
14.2605276,14.2905276,N,N01_04,ン,0.3625,0.3925,14.2598016,14.2898016,35,37
14.2905276,14.4005276,o,N01_04,オ,0.3925,0.5025,14.2898016,14.3998016,38,48
14.4005276,14.5105276,j,N01_04,ジュ,0.5025,0.6125,14.3998016,14.5098016,49,59
14.5105276,14.5405276,u,N01_04,ジュ,0.6125,0.6425,14.5098016,14.5398016,60,62
14.5405276,14.6005276,N,N01_04,ン,0.6425,0.7025,14.5398016,14.5998016,63,68
14.6005276,14.6505276,n,N01_04,ニ,0.7025,0.7525,14.5998016,14.6498016,69,73
14.6505276,14.6905276,i,N01_04,ニ,0.7525,0.7925,14.6498016,14.6898016,74,77
14.6905276,14.7605276,m,N01_04,ミ,0.7925,0.8625,14.6898016,14.7598016,78,84
14.7605276,14.8205276,i,N01_04,ミ,0.8625,0.9225,14.7598016,14.8198016,85,90
14.8205276,14.8605276,t,N01_04,テ,0.9225,0.9625,14.8198016,14.8598016,91,94
14.8605276,14.9305276,e,N01_04,テ,0.9625,1.0325,14.8598016,14.9298016,95,101
14.9305276,14.9905276,i,N01_04,イ,1.0325,1.0925,14.9298016,14.9898016,102,107
14.9905276,15.0505276,k,N01_04,キ,1.0925,1.1525,14.9898016,15.0498016,108,113
15.0505276,15.0905276,i,N01_04,キ,1.1525,1.1925,15.0498016,15.0898016,114,117
15.0905276,15.1505276,m,N01_04,マ,1.1925,1.2525,15.0898016,15.1498016,118,123
15.1505276,15.2005276,a,N01_04,マ,1.2525,1.3025,15.1498016,15.1998016,124,128
15.2005276,15.2705276,s,N01_04,ス,1.3025,1.3725,15.1998016,15.2698016,129,135
15.2705276,15.3005276,u,N01_04,ス,1.3725,1.4025,15.2698016,15.2998016,136,138
15.3005276,15.3305276,sp,N01_04,.,1.4025,1.4325,15.2998016,15.3298016,139,141
