frame,time_s,mouth_open_y,mouth_form,eye_l_open,eye_r_open,breath,angle_z,phoneme,mora
0,0.000000,0.000000,0.000000,1.000000,1.000000,0.000000,0.000000,sil,
1,0.033333,0.000000,0.000000,1.000000,1.000000,0.019723,0.000000,sil,
2,0.066667,0.059133,0.000000,1.000000,1.000000,0.039839,0.000000,sil,
3,0.100000,0.355179,-0.008649,1.000000,1.000000,0.060391,0.000000,k,コ
4,0.133333,0.572504,-0.062746,1.000000,1.000000,0.081423,0.000000,o,コ
5,0.166667,0.590000,-0.227888,1.000000,1.000000,0.102973,0.000000,o,コ
6,0.200000,0.585976,-0.475267,1.000000,1.000000,0.125079,0.000000,o,コ
7,0.233333,0.354299,-0.627588,1.000000,1.000000,0.147776,0.000000,o,コ
8,0.266667,0.152456,-0.596397,1.000000,1.000000,0.171093,0.000000,N,ン
9,0.300000,0.356971,-0.458768,1.000000,1.000000,0.195059,0.000000,N,ン
10,0.333333,0.537863,-0.279580,1.000000,1.000000,0.219698,0.000000,k,カ
11,0.366667,0.783983,-0.057116,1.000000,1.000000,0.245032,0.000000,a,カ
12,0.400000,0.636201,0.199854,1.000000,1.000000,0.271079,0.000000,a,カ
13,0.433333,0.377892,0.347525,1.000000,1.000000,0.297852,0.000000,i,イ
14,0.466667,0.330953,0.208702,1.000000,1.000000,0.325361,0.000000,n,ノ
15,0.500000,0.372411,-0.137949,1.000000,1.000000,0.353613,0.000000,n,ノ
16,0.533333,0.340000,-0.149902,1.000000,1.000000,0.358697,0.000000,o,ノ
17,0.566667,0.000000,0.000000,1.000000,1.000000,0.363840,0.000000,p,ポ
18,0.600000,0.000000,0.000000,1.000000,1.000000,0.369027,0.000000,p,ポ
19,0.633333,0.144281,0.000000,1.000000,1.000000,0.374244,0.000000,p,ポ
20,0.666667,0.484281,-0.006644,1.000000,1.000000,0.379476,0.000000,o,ポ
21,0.700000,0.502107,-0.200083,1.000000,1.000000,0.384711,0.000000,o,ポ
22,0.733333,0.421490,-0.033212,1.000000,1.000000,0.390003,0.000000,i,イ
23,0.766667,0.410870,0.344930,1.000000,1.000000,0.396301,0.000000,i,イ
24,0.800000,0.222653,0.413255,1.000000,1.000000,0.403872,0.000000,i,イ
25,0.833333,0.156265,0.215143,1.000000,1.000000,0.412647,0.000000,N,ン
26,0.866667,0.300878,-0.091555,1.000000,1.000000,0.422530,0.000000,N,ン
27,0.900000,0.370776,-0.405637,1.000000,1.000000,0.433400,0.000000,t,ト
28,0.933333,0.532004,-0.656962,1.000000,1.000000,0.445109,0.000000,o,ト
29,0.966667,0.486450,-0.770755,1.000000,1.000000,0.457493,0.000000,o,ト
30,1.000000,0.462676,-0.726420,1.000000,1.000000,0.470366,0.000000,w,ワ
31,1.033333,0.660965,-0.584337,1.000000,1.000000,0.483531,0.000000,w,ワ
32,1.066667,0.720658,-0.411177,1.000000,1.000000,0.496784,0.000000,a,ワ
33,1.100000,0.720658,-0.240415,1.000000,1.000000,0.509911,0.000000,a,ワ
34,1.133333,0.680000,-0.093338,1.000000,1.000000,0.522701,0.000000,a,ワ
35,1.166667,0.340000,0.014255,1.000000,1.000000,0.534948,0.000000,a,ワ
36,1.200000,0.000000,0.042112,1.000000,1.000000,0.546453,0.000000,a,ワ
37,1.233333,0.000000,0.004814,1.000000,1.000000,0.557029,0.000000,a,ワ
38,1.266667,0.000000,0.000000,1.000000,1.000000,0.566507,0.000000,sp,","
39,1.300000,0.000000,0.000000,1.000000,1.000000,0.574739,0.000000,sp,","
40,1.333333,0.000000,0.000000,1.000000,1.000000,0.581599,0.000000,sp,","
41,1.366667,0.000000,0.000000,1.000000,1.000000,0.586988,0.000000,sp,","
42,1.400000,0.000000,0.000000,1.000000,1.000000,0.590835,0.000000,sp,","
43,1.433333,0.000000,0.000000,1.000000,1.000000,0.593098,0.000000,sp,","
44,1.466667,0.000000,0.000000,1.000000,1.000000,0.593768,0.000000,sp,","
45,1.500000,0.000000,0.000000,1.000000,1.000000,0.592863,0.000000,sp,","
46,1.533333,0.000000,0.000000,1.000000,1.000000,0.590434,0.000000,sp,","
47,1.566667,0.000000,0.000000,1.000000,1.000000,0.586559,0.000000,sp,","
48,1.600000,0.000000,0.000000,1.000000,1.000000,0.581344,0.000000,sp,","
49,1.633333,0.205814,0.000000,1.000000,1.000000,0.574920,0.000000,m,ミ
50,1.666667,0.388919,0.055373,1.000000,1.000000,0.567438,0.000000,i,ミ
51,1.700000,0.226087,0.107041,1.000000,1.000000,0.559069,0.000000,i,ミ
52,1.733333,0.104500,0.000000,1.000000,1.000000,0.549998,0.000000,cl,ッ
53,1.766667,0.188828,0.008719,1.000000,1.000000,0.540420,0.000000,ts,ツ
54,1.800000,0.218875,-0.093092,1.000000,1.000000,0.530536,0.000000,ts,ツ
55,1.833333,0.336487,-0.352741,1.000000,1.000000,0.520548,0.000000,u,ツ
56,1.866667,0.357438,-0.359344,1.000000,1.000000,0.510657,0.000000,u,ツ
57,1.900000,0.460690,-0.174888,1.000000,1.000000,0.501054,0.000000,d,デ
58,1.933333,0.559431,0.035308,1.000000,1.000000,0.491921,0.000000,e,デ
59,1.966667,0.253085,0.117354,1.000000,1.000000,0.483423,0.000000,e,デ
60,2.000000,0.190000,0.048366,1.000000,1.000000,0.475705,0.000000,s,ス
61,2.033333,0.190000,-0.100790,1.000000,1.000000,0.468892,0.000000,s,ス
62,2.066667,0.188413,-0.270208,1.000000,1.000000,0.463082,0.000000,s,ス
63,2.100000,0.092286,-0.388191,0.450000,0.450000,0.458349,0.000000,s,ス
64,2.133333,0.000000,-0.220096,0.000000,0.000000,0.454664,0.000000,u,ス
65,2.166667,0.000000,-0.007701,0.000000,0.000000,0.451080,0.000000,u,ス
66,2.200000,0.000000,0.000000,0.250000,0.250000,0.447301,0.000000,sp,.
67,2.233333,0.000000,-0.012395,0.600000,0.600000,0.443338,0.000000,sil,
68,2.266667,0.000000,-0.053542,0.840000,0.840000,0.439201,0.000000,sil,
69,2.300000,0.000000,0.066816,1.000000,1.000000,0.434902,0.000000,sil,
70,2.333333,0.000000,0.248811,1.000000,1.000000,0.430453,0.000000,sil,
71,2.366667,0.194625,0.423932,1.000000,1.000000,0.425865,0.000000,sil,
72,2.400000,0.260277,0.568865,1.000000,1.000000,0.421151,0.000000,h,ヒ
73,2.433333,0.357121,0.598920,1.000000,1.000000,0.416325,0.000000,h,ヒ
74,2.466667,0.338765,0.399477,1.000000,1.000000,0.411399,0.000000,i,ヒ
75,2.500000,0.417464,-0.023096,1.000000,1.000000,0.406387,0.000000,t,ト
76,2.533333,0.535083,-0.481574,1.000000,1.000000,0.401303,0.000000,o,ト
77,2.566667,0.261608,-0.774190,1.000000,1.000000,0.396160,0.000000,o,ト
78,2.600000,0.190000,-0.860671,1.000000,1.000000,0.390973,0.000000,ts,ツ
79,2.633333,0.202218,-0.805165,1.000000,1.000000,0.385800,0.000000,ts,ツ
80,2.666667,0.335094,-0.401451,1.000000,1.000000,0.381576,0.000000,ts,ツ
81,2.700000,0.131790,-0.039911,1.000000,1.000000,0.378667,0.000000,u,ツ
82,2.733333,0.000000,0.000000,1.000000,1.000000,0.377036,0.000000,m,メ
83,2.766667,0.340000,0.000000,1.000000,1.000000,0.376617,0.000000,e,メ
84,2.800000,0.514588,0.066836,1.000000,1.000000,0.377318,0.000000,e,メ
85,2.833333,0.448304,0.214445,1.000000,1.000000,0.379021,0.000000,w,ワ
86,2.866667,0.454281,0.226070,1.000000,1.000000,0.381589,0.000000,w,ワ
87,2.900000,0.632014,0.178607,1.000000,1.000000,0.384866,0.000000,w,ワ
88,2.933333,0.729272,0.126835,1.000000,1.000000,0.388682,0.000000,a,ワ
89,2.966667,0.729719,0.074851,1.000000,1.000000,0.392857,0.000000,a,ワ
90,3.000000,0.680000,0.022480,1.000000,1.000000,0.397204,0.000000,a,ワ
91,3.033333,0.340000,-0.029845,1.000000,1.000000,0.401536,0.000000,a,ワ
92,3.066667,0.000000,-0.046833,1.000000,1.000000,0.405669,0.000000,a,ワ
93,3.100000,0.000000,-0.010253,1.000000,1.000000,0.409425,0.000000,a,ワ
94,3.133333,0.000000,0.000000,1.000000,1.000000,0.412638,0.000000,sp,","
95,3.166667,0.000000,0.000000,1.000000,1.000000,0.415160,0.000000,sp,","
96,3.200000,0.000000,0.000000,1.000000,1.000000,0.416857,0.000000,sp,","
97,3.233333,0.000000,0.000000,1.000000,1.000000,0.417623,0.000000,sp,","
98,3.266667,0.000000,0.000000,1.000000,1.000000,0.417371,0.000000,sp,","
99,3.300000,0.000000,0.000000,1.000000,1.000000,0.416046,0.000000,sp,","
100,3.333333,0.000000,0.000000,1.000000,1.000000,0.413617,0.000000,sp,","
101,3.366667,0.000000,0.000000,1.000000,1.000000,0.410086,0.000000,sp,","
102,3.400000,0.000000,0.000000,1.000000,1.000000,0.405482,0.000000,sp,","
103,3.433333,0.000000,0.000000,1.000000,1.000000,0.399863,0.000000,sp,","
104,3.466667,0.000000,0.000000,1.000000,1.000000,0.393314,0.000000,sp,","
105,3.500000,0.000000,0.000000,1.000000,1.000000,0.385948,0.000000,sp,","
106,3.533333,0.200918,0.000000,1.000000,1.000000,0.377899,0.000000,sp,","
107,3.566667,0.350513,-0.267646,1.000000,1.000000,0.369322,0.000000,k,コ
108,3.600000,0.509986,-0.765715,1.000000,1.000000,0.360390,0.000000,k,コ
109,3.633333,0.387138,-0.927392,1.000000,1.000000,0.351289,0.000000,o,コ
110,3.666667,0.218773,-0.876446,1.000000,1.000000,0.342213,0.000000,k,ク
111,3.700000,0.289629,-0.778491,1.000000,1.000000,0.333361,0.000000,k,ク
112,3.733333,0.229152,-0.632084,1.000000,1.000000,0.324934,0.000000,u,ク
113,3.766667,0.251314,-0.429135,1.000000,1.000000,0.317128,0.000000,s,サ
114,3.800000,0.591314,-0.167195,1.000000,1.000000,0.310129,0.000000,s,サ
115,3.833333,0.627312,0.129643,1.000000,1.000000,0.304112,0.000000,a,サ
116,3.866667,0.423559,0.329652,1.000000,1.000000,0.299235,0.000000,i,イ
117,3.900000,0.343665,0.244425,1.000000,1.000000,0.295635,0.000000,i,イ
118,3.933333,0.384245,-0.112360,1.000000,1.000000,0.293427,0.000000,n,ノ
119,3.966667,0.457472,-0.485431,1.000000,1.000000,0.292699,0.000000,o,ノ
120,4.000000,0.203094,-0.638424,1.000000,1.000000,0.293511,0.000000,z,ザ
121,4.033333,0.197234,-0.549182,1.000000,1.000000,0.295849,0.000000,z,ザ
122,4.066667,0.532590,-0.349397,1.000000,1.000000,0.298792,0.000000,z,ザ
123,4.100000,0.538321,-0.163491,1.000000,1.000000,0.301957,0.000000,a,ザ
124,4.133333,0.198321,-0.052125,1.000000,1.000000,0.305336,0.000000,a,ザ
125,4.166667,0.170950,-0.010084,1.000000,1.000000,0.308920,0.000000,N,ン
126,4.200000,0.419592,0.000000,1.000000,1.000000,0.312699,0.000000,N,ン
127,4.233333,0.686658,0.000000,1.000000,1.000000,0.316662,0.000000,d,ダ
128,4.266667,0.764803,0.000000,1.000000,1.000000,0.320799,0.000000,a,ダ
129,4.300000,0.560390,0.000000,1.000000,1.000000,0.325098,0.000000,a,ダ
130,4.333333,0.467225,0.000000,1.000000,1.000000,0.329547,0.000000,k,カ
131,4.366667,0.682528,0.000000,1.000000,1.000000,0.334135,0.000000,k,カ
132,4.400000,0.630268,0.000000,1.000000,1.000000,0.338849,0.000000,a,カ
133,4.433333,0.472157,0.000000,1.000000,1.000000,0.343675,0.000000,d,ダ
134,4.466667,0.683588,0.011181,1.000000,1.000000,0.348601,0.000000,d,ダ
135,4.500000,0.682595,0.042968,1.000000,1.000000,0.353613,0.000000,a,ダ
136,4.533333,0.394919,0.107222,1.000000,1.000000,0.358697,0.000000,a,ダ
137,4.566667,0.493119,0.192941,1.000000,1.000000,0.363840,0.000000,k,ケ
138,4.600000,0.587879,0.272646,1.000000,1.000000,0.369271,0.000000,e,ケ
139,4.633333,0.424788,0.322239,1.000000,1.000000,0.375962,0.000000,e,ケ
140,4.666667,0.508155,0.334614,1.000000,1.000000,0.383970,0.000000,d,デ
141,4.700000,0.558139,0.311612,1.000000,1.000000,0.393220,0.000000,e,デ
142,4.733333,0.451306,0.254890,1.000000,1.000000,0.403607,0.000000,n,ナ
143,4.766667,0.478617,0.173118,1.000000,1.000000,0.415002,0.000000,n,ナ
144,4.800000,0.680000,0.076699,1.000000,1.000000,0.427252,0.000000,n,ナ
145,4.833333,0.340000,-0.032817,1.000000,1.000000,0.440183,0.000000,a,ナ
146,4.866667,0.000000,-0.156291,1.000000,1.000000,0.453608,0.000000,k,ク
147,4.900000,0.160815,-0.289126,1.000000,1.000000,0.467325,0.000000,k,ク
148,4.933333,0.278730,-0.422955,1.000000,1.000000,0.481124,0.000000,k,ク
149,4.966667,0.352699,-0.543538,1.000000,1.000000,0.494793,0.000000,u,ク
150,5.000000,0.352053,-0.417127,1.000000,1.000000,0.508117,0.000000,u,ク
151,5.033333,0.188812,-0.095931,1.000000,1.000000,0.520891,0.000000,u,ク
152,5.066667,0.000000,0.000000,1.000000,1.000000,0.532917,0.000000,sp,","
153,5.100000,0.000000,0.000000,1.000000,1.000000,0.544011,0.048514,sp,","
154,5.133333,0.000000,0.000000,1.000000,1.000000,0.554007,0.240060,sp,","
155,5.166667,0.000000,0.000000,1.000000,1.000000,0.562760,0.559598,sp,","
156,5.200000,0.000000,0.000000,1.000000,1.000000,0.570148,0.977055,sp,","
157,5.233333,0.000000,0.000000,1.000000,1.000000,0.576080,1.453141,sp,","
158,5.266667,0.000000,0.000000,1.000000,1.000000,0.580487,1.943049,sp,","
159,5.300000,0.000000,0.000000,1.000000,1.000000,0.583336,2.400670,sp,","
160,5.333333,0.000000,0.000000,1.000000,1.000000,0.584621,2.782935,sp,","
161,5.366667,0.000000,0.000000,1.000000,1.000000,0.584368,3.053868,sp,","
162,5.400000,0.000000,0.000000,1.000000,1.000000,0.582631,3.187968,sp,","
163,5.433333,0.000000,0.000000,1.000000,1.000000,0.579494,3.172615,sp,","
164,5.466667,0.000000,0.000000,1.000000,1.000000,0.575067,3.009253,sp,","
165,5.500000,0.340000,0.000000,1.000000,1.000000,0.569483,2.713259,sp,","
166,5.533333,0.452174,-0.022066,1.000000,1.000000,0.562897,2.312489,n,ナ
167,5.566667,0.645691,-0.024276,1.000000,1.000000,0.555480,1.844662,n,ナ
168,5.600000,0.630298,0.072171,1.000000,1.000000,0.547418,1.353809,a,ナ
169,5.633333,0.290298,0.248967,1.000000,1.000000,0.538905,0.886126,a,ナ
170,5.666667,0.295188,0.478264,1.000000,1.000000,0.530138,0.485630,n,ニ
171,5.700000,0.395490,0.692019,1.000000,1.000000,0.521317,0.190015,i,ニ
172,5.733333,0.257597,0.828334,1.000000,1.000000,0.512681,0.027101,i,ニ
173,5.766667,0.291227,0.874001,1.000000,1.000000,0.505338,0.000000,n,ニ
174,5.800000,0.410410,0.834225,1.000000,1.000000,0.499813,0.000000,i,ニ
175,5.833333,0.368276,0.680494,1.000000,1.000000,0.496211,0.000000,i,ニ
176,5.866667,0.202594,0.396292,1.000000,1.000000,0.494589,0.000000,ts,ツ
177,5.900000,0.195056,0.039589,1.000000,1.000000,0.494955,0.000000,ts,ツ
178,5.933333,0.293900,-0.277996,1.000000,1.000000,0.497267,0.000000,ts,ツ
179,5.966667,0.423421,-0.440359,1.000000,1.000000,0.501435,0.000000,u,ツ
180,6.000000,0.493292,-0.407919,1.000000,1.000000,0.507077,0.000000,k,カ
181,6.033333,0.724597,-0.244865,1.000000,1.000000,0.513028,0.000000,k,カ
182,6.066667,0.743061,-0.023338,1.000000,1.000000,0.518997,0.000000,a,カ
183,6.100000,0.506867,0.226656,1.000000,1.000000,0.524793,0.000000,a,カ
184,6.133333,0.366411,0.476434,1.000000,1.000000,0.530224,0.000000,i,イ
185,6.166667,0.114598,0.636940,1.000000,1.000000,0.535103,0.000000,i,イ
186,6.200000,0.000000,0.371526,1.000000,1.000000,0.539250,0.000000,i,イ
187,6.233333,0.000000,0.032637,1.000000,1.000000,0.542500,0.000000,i,イ
188,6.266667,0.000000,0.000000,1.000000,1.000000,0.544701,0.000000,sp,","
189,6.300000,0.000000,0.000000,1.000000,1.000000,0.545723,0.000000,sp,","
190,6.333333,0.000000,0.000000,1.000000,1.000000,0.545459,0.000000,sp,","
191,6.366667,0.000000,0.000000,1.000000,1.000000,0.543829,0.000000,sp,","
192,6.400000,0.000000,0.000000,1.000000,1.000000,0.540778,0.000000,sp,","
193,6.433333,0.000000,0.000000,1.000000,1.000000,0.536282,0.000000,sp,","
194,6.466667,0.000000,0.000000,1.000000,1.000000,0.530347,0.000000,sp,","
195,6.500000,0.000000,0.000000,1.000000,1.000000,0.523010,0.000000,sp,","
196,6.533333,0.000000,0.000000,1.000000,1.000000,0.514335,0.000000,sp,","
197,6.566667,0.000000,0.000000,1.000000,1.000000,0.504417,0.000000,sp,","
198,6.600000,0.000000,0.000000,1.000000,1.000000,0.493377,0.000000,sp,","
199,6.633333,0.155995,-0.142893,1.000000,1.000000,0.481360,0.000000,sh,ショ
200,6.666667,0.190000,-0.530590,1.000000,1.000000,0.468531,0.000000,sh,ショ
201,6.700000,0.205569,-0.786339,1.000000,1.000000,0.455076,0.000000,sh,ショ
202,6.733333,0.484583,-0.875758,1.000000,1.000000,0.441191,0.000000,sh,ショ
203,6.766667,0.586792,-0.912823,1.000000,1.000000,0.427085,0.000000,o,ショ
204,6.800000,0.497248,-0.848622,1.000000,1.000000,0.412972,0.000000,o,オ
205,6.833333,0.452399,-0.666614,1.000000,1.000000,0.399064,0.000000,r,ラ
206,6.866667,0.645691,-0.395286,1.000000,1.000000,0.385574,0.000000,r,ラ
207,6.900000,0.783959,-0.073037,1.000000,1.000000,0.372703,0.000000,a,ラ
208,6.933333,0.524741,0.215949,1.000000,1.000000,0.360644,0.000000,a,ラ
209,6.966667,0.373140,0.277664,1.000000,1.000000,0.349569,0.000000,i,イ
210,7.000000,0.366070,-0.004214,1.000000,1.000000,0.339634,0.000000,n,ノ
211,7.033333,0.465821,-0.456539,1.000000,1.000000,0.330969,0.000000,n,ノ
212,7.066667,0.210959,-0.804002,1.000000,1.000000,0.323682,0.000000,sh,ショ
213,7.100000,0.191920,-0.957307,1.000000,1.000000,0.317849,0.000000,sh,ショ
214,7.133333,0.345659,-0.995380,1.000000,1.000000,0.313477,0.000000,sh,ショ
215,7.166667,0.414000,-0.999767,1.000000,1.000000,0.309661,0.000000,o,ショ
216,7.200000,0.339733,-0.997226,1.000000,1.000000,0.306037,0.000000,t,ト
217,7.233333,0.468901,-0.984843,1.000000,1.000000,0.302616,0.000000,t,ト
218,7.266667,0.276998,-0.950178,1.000000,1.000000,0.299407,0.000000,o,ト
219,7.300000,0.213690,-0.882746,1.000000,1.000000,0.296419,0.000000,k,ク
220,7.333333,0.284516,-0.765548,1.000000,1.000000,0.293660,0.000000,k,ク
221,7.366667,0.295809,-0.554372,1.000000,1.000000,0.291138,0.000000,u,ク
222,7.400000,0.247678,-0.222412,1.000000,1.000000,0.288860,0.000000,n,ニ
223,7.433333,0.360169,0.157017,1.000000,1.000000,0.286831,0.000000,n,ニ
224,7.466667,0.398122,0.408987,1.000000,1.000000,0.285057,0.000000,i,ニ
225,7.500000,0.263832,0.378025,1.000000,1.000000,0.283544,0.000000,i,ニ
226,7.533333,0.201982,0.095673,1.000000,1.000000,0.282295,0.000000,ts,ツ
227,7.566667,0.344094,-0.230055,1.000000,1.000000,0.281314,0.000000,ts,ツ
228,7.600000,0.439608,-0.393140,1.000000,1.000000,0.280604,0.000000,u,ツ
229,7.633333,0.600407,-0.343548,1.000000,1.000000,0.280166,0.000000,n,ナ
230,7.666667,0.764119,-0.193567,1.000000,1.000000,0.280001,0.000000,a,ナ
231,7.700000,0.561252,-0.073146,1.000000,1.000000,0.280111,0.000000,a,ナ
232,7.733333,0.522856,-0.033369,1.000000,1.000000,0.280494,0.000000,g,ガ
233,7.766667,0.577799,-0.078099,1.000000,1.000000,0.281151,0.000000,a,ガ
234,7.800000,0.237799,-0.206035,1.000000,1.000000,0.282078,0.000000,r,ル
235,7.833333,0.317788,-0.378597,1.000000,1.000000,0.283273,0.000000,r,ル
236,7.866667,0.298192,-0.503227,1.000000,1.000000,0.284734,0.000000,u,ル
237,7.900000,0.060285,-0.504573,1.000000,1.000000,0.286456,0.000000,u,ル
238,7.933333,0.367966,-0.401291,1.000000,1.000000,0.288434,0.000000,k,カ
239,7.966667,0.541820,-0.292269,1.000000,1.000000,0.290663,0.000000,k,カ
240,8.000000,0.686381,-0.295175,1.000000,1.000000,0.293137,0.000000,a,カ
241,8.033333,0.569084,-0.389023,1.000000,1.000000,0.295849,0.000000,o,オ
242,8.066667,0.415272,-0.210310,1.000000,1.000000,0.298792,0.000000,o,オ
243,8.100000,0.075272,0.000000,1.000000,1.000000,0.301957,0.000000,o,オ
244,8.133333,0.000000,0.000000,1.000000,1.000000,0.305336,0.000000,m,ミ
245,8.166667,0.232622,0.000000,1.000000,1.000000,0.308920,0.000000,m,ミ
246,8.200000,0.382303,0.036554,1.000000,1.000000,0.312699,0.000000,i,ミ
247,8.233333,0.232162,0.186674,1.000000,1.000000,0.316662,0.000000,i,ミ
248,8.266667,0.286937,-0.020171,1.000000,1.000000,0.320799,0.000000,r,ル
249,8.300000,0.258691,-0.406725,1.000000,1.000000,0.325098,0.000000,u,ル
250,8.333333,0.051014,-0.683582,1.000000,1.000000,0.329547,0.000000,u,ル
251,8.366667,0.311333,-0.837281,1.000000,1.000000,0.334135,0.000000,k,コ
252,8.400000,0.508880,-0.922298,1.000000,1.000000,0.338849,0.000000,k,コ
253,8.433333,0.387216,-0.970884,1.000000,1.000000,0.343675,0.000000,o,コ
254,8.466667,0.330423,-0.992761,1.000000,1.000000,0.348601,0.000000,t,ト
255,8.500000,0.337580,-0.924366,1.000000,1.000000,0.353613,0.000000,t,ト
256,8.533333,0.433149,-0.442790,1.000000,1.000000,0.358697,0.000000,t,ト
257,8.566667,0.098711,-0.023888,0.450000,0.450000,0.363840,0.000000,o,ト
258,8.600000,0.000000,0.000000,0.000000,0.000000,0.369027,0.000000,sp,.
259,8.633333,0.000000,0.000000,0.000000,0.000000,0.374244,0.000000,sp,.
260,8.666667,0.000000,0.000000,0.250000,0.250000,0.379476,0.000000,sp,.
261,8.700000,0.000000,0.000000,0.600000,0.600000,0.384711,0.000000,sp,.
262,8.733333,0.000000,-0.220835,0.840000,0.840000,0.389932,0.000000,sil,
263,8.766667,0.000000,-0.672662,1.000000,1.000000,0.395126,0.000000,sil,
264,8.800000,0.000000,-0.841126,1.000000,1.000000,0.400279,0.000000,sil,
265,8.833333,0.000000,-0.819071,1.000000,1.000000,0.405376,0.000000,sil,
266,8.866667,0.000000,-0.797009,1.000000,1.000000,0.410403,0.000000,sil,
267,8.900000,0.081509,-0.773396,1.000000,1.000000,0.415347,0.000000,sil,
268,8.933333,0.167078,-0.738590,1.000000,1.000000,0.420195,0.000000,f,フ
269,8.966667,0.326914,-0.665345,1.000000,1.000000,0.424932,0.000000,u,フ
270,9.000000,0.435499,-0.526270,1.000000,1.000000,0.429546,0.000000,u,フ
271,9.033333,0.611237,-0.347491,1.000000,1.000000,0.434024,0.000000,t,タ
272,9.066667,0.546501,-0.220808,1.000000,1.000000,0.438354,0.000000,a,タ
273,9.100000,0.206501,-0.221522,1.000000,1.000000,0.442553,0.000000,ts,ツ
274,9.133333,0.190165,-0.328323,1.000000,1.000000,0.447500,0.000000,ts,ツ
275,9.166667,0.248177,-0.312630,1.000000,1.000000,0.453583,0.000000,ts,ツ
276,9.200000,0.222280,-0.080864,1.000000,1.000000,0.460741,0.000000,u,ツ
277,9.233333,0.000000,0.000000,1.000000,1.000000,0.468885,0.000000,m,メ
278,9.266667,0.340000,0.000000,1.000000,1.000000,0.477901,0.000000,m,メ
279,9.300000,0.506876,0.034996,1.000000,1.000000,0.487649,0.000000,e,メ
280,9.333333,0.448189,0.179582,1.000000,1.000000,0.497971,0.000000,w,ワ
281,9.366667,0.455307,0.226644,1.000000,1.000000,0.508689,0.000000,w,ワ
282,9.400000,0.634944,0.179687,1.000000,1.000000,0.519615,0.000000,w,ワ
283,9.433333,0.722940,0.127464,1.000000,1.000000,0.530549,0.000000,a,ワ
284,9.466667,0.723224,0.078957,1.000000,1.000000,0.541286,0.000000,a,ワ
285,9.500000,0.643499,0.043147,1.000000,1.000000,0.551620,0.000000,a,ワ
286,9.533333,0.303499,0.028550,1.000000,1.000000,0.561352,0.000000,a,ワ
287,9.566667,0.000000,0.019604,1.000000,1.000000,0.570288,0.000000,a,ワ
288,9.600000,0.000000,0.000000,1.000000,1.000000,0.578247,0.000000,a,ワ
289,9.633333,0.000000,0.000000,1.000000,1.000000,0.585066,0.000000,sp,","
290,9.666667,0.000000,0.000000,1.000000,1.000000,0.590600,0.000000,sp,","
291,9.700000,0.000000,0.000000,1.000000,1.000000,0.594731,0.000000,sp,","
292,9.733333,0.000000,0.000000,1.000000,1.000000,0.597362,0.000000,sp,","
293,9.766667,0.000000,0.000000,1.000000,1.000000,0.598429,0.000000,sp,","
294,9.800000,0.000000,0.000000,1.000000,1.000000,0.597893,0.000000,sp,","
295,9.833333,0.000000,0.000000,1.000000,1.000000,0.595750,0.000000,sp,","
296,9.866667,0.000000,0.000000,1.000000,1.000000,0.592023,0.000000,sp,","
297,9.900000,0.000000,0.000000,1.000000,1.000000,0.586766,0.000000,sp,","
298,9.933333,0.000000,0.000000,1.000000,1.000000,0.580065,0.000000,sp,","
299,9.966667,0.064145,0.000000,1.000000,1.000000,0.572029,0.000000,sp,","
300,10.000000,0.335151,0.065015,1.000000,1.000000,0.562795,0.000000,k,ケ
301,10.033333,0.497521,0.251613,1.000000,1.000000,0.552520,0.000000,k,ケ
302,10.066667,0.631261,0.415498,1.000000,1.000000,0.541381,0.000000,e,ケ
303,10.100000,0.488996,0.543551,1.000000,1.000000,0.529568,0.000000,e,ケ
304,10.133333,0.365044,0.647455,1.000000,1.000000,0.517284,0.000000,i,イ
305,10.166667,0.200936,0.628623,1.000000,1.000000,0.504737,0.000000,z,ザ
306,10.200000,0.194372,0.493832,1.000000,1.000000,0.492137,0.000000,z,ザ
307,10.233333,0.492096,0.346961,1.000000,1.000000,0.479691,0.000000,z,ザ
308,10.266667,0.750894,0.314828,1.000000,1.000000,0.467599,0.000000,a,ザ
309,10.300000,0.454532,0.449292,1.000000,1.000000,0.456052,0.000000,a,ザ
310,10.333333,0.301027,0.624415,1.000000,1.000000,0.445221,0.000000,i,イ
311,10.366667,0.191707,0.681846,1.000000,1.000000,0.435263,0.000000,s,セ
312,10.400000,0.209714,0.622646,1.000000,1.000000,0.426310,0.000000,s,セ
313,10.433333,0.519036,0.543677,1.000000,1.000000,0.418468,0.000000,s,セ
314,10.466667,0.597591,0.528330,1.000000,1.000000,0.411820,0.000000,e,セ
315,10.500000,0.422383,0.571226,1.000000,1.000000,0.406387,0.000000,e,セ
316,10.533333,0.294536,0.537622,1.000000,1.000000,0.401303,0.000000,i,イ
317,10.566667,0.191607,0.315837,1.000000,1.000000,0.396160,0.000000,ch,チョ
318,10.600000,0.192744,-0.048044,1.000000,1.000000,0.390973,0.000000,ch,チョ
319,10.633333,0.379578,-0.437005,1.000000,1.000000,0.385756,0.000000,ch,チョ
320,10.666667,0.564084,-0.747981,1.000000,1.000000,0.380524,0.000000,o,チョ
321,10.700000,0.517543,-0.923257,1.000000,1.000000,0.375289,0.000000,o,オ
322,10.733333,0.347721,-0.985591,1.000000,1.000000,0.370068,0.000000,t,ト
323,10.766667,0.336034,-0.990803,1.000000,1.000000,0.365083,-0.062169,t,ト
324,10.800000,0.472018,-0.949716,1.000000,1.000000,0.361344,-0.311823,t,ト
325,10.833333,0.367767,-0.820426,1.000000,1.000000,0.358964,-0.729773,o,ト
326,10.866667,0.192736,-0.574724,1.000000,1.000000,0.357897,-1.276683,z,ゼ
327,10.900000,0.261107,-0.258199,1.000000,1.000000,0.358069,-1.901080,z,ゼ
328,10.933333,0.583725,0.031345,1.000000,1.000000,0.359378,-2.544199,e,ゼ
329,10.966667,0.567570,0.195526,1.000000,1.000000,0.361700,-3.145512,e,ゼ
330,11.000000,0.240387,0.194375,1.000000,1.000000,0.364891,-3.648425,e,エ
331,11.033333,0.190000,0.070881,1.000000,1.000000,0.368789,-4.005607,sh,シュ
332,11.066667,0.190000,-0.106312,1.000000,1.000000,0.373218,-4.183440,sh,シュ
333,11.100000,0.191242,-0.294771,1.000000,1.000000,0.377996,-4.165189,sh,シュ
334,11.133333,0.275796,-0.471369,1.000000,1.000000,0.382934,-3.952570,sh,シュ
335,11.166667,0.357646,-0.607840,1.000000,1.000000,0.387843,-3.565595,u,シュ
336,11.200000,0.347458,-0.446944,1.000000,1.000000,0.392538,-3.040684,u,ウ
337,11.233333,0.176454,-0.097172,1.000000,1.000000,0.396844,-2.427239,u,ウ
338,11.266667,0.000000,0.000000,1.000000,1.000000,0.400598,-1.782996,sp,","
339,11.300000,0.000000,0.000000,1.000000,1.000000,0.403652,-1.168588,sp,","
340,11.333333,0.000000,0.000000,1.000000,1.000000,0.405880,-0.641841,sp,","
341,11.366667,0.000000,0.000000,1.000000,1.000000,0.407179,-0.252330,sp,","
342,11.400000,0.000000,0.000000,1.000000,1.000000,0.407469,-0.036714,sp,","
343,11.433333,0.000000,0.000000,1.000000,1.000000,0.406700,0.000000,sp,","
344,11.466667,0.000000,0.000000,1.000000,1.000000,0.404849,0.000000,sp,","
345,11.500000,0.000000,0.000000,1.000000,1.000000,0.401922,0.000000,sp,","
346,11.533333,0.000000,0.000000,1.000000,1.000000,0.397956,0.000000,sp,","
347,11.566667,0.000000,0.000000,1.000000,1.000000,0.393014,0.000000,sp,","
348,11.600000,0.000000,0.000000,1.000000,1.000000,0.387187,0.000000,sp,","
349,11.633333,0.144271,0.000000,1.000000,1.000000,0.380593,0.000000,sp,","
350,11.666667,0.190000,-0.162628,1.000000,1.000000,0.373369,0.000000,s,ソ
351,11.700000,0.206472,-0.659096,1.000000,1.000000,0.365674,0.000000,s,ソ
352,11.733333,0.438156,-0.872690,1.000000,1.000000,0.357682,0.000000,s,ソ
353,11.766667,0.252559,-0.640434,1.000000,1.000000,0.349578,0.000000,o,ソ
354,11.800000,0.191255,-0.237418,1.000000,1.000000,0.341557,0.000000,sh,シ
355,11.833333,0.236871,0.218625,1.000000,1.000000,0.333816,0.000000,sh,シ
356,11.866667,0.061733,0.552845,1.000000,1.000000,0.326552,0.000000,i,シ
357,11.900000,0.316198,0.669556,1.000000,1.000000,0.319955,0.000000,t,テ
358,11.933333,0.573104,0.619482,1.000000,1.000000,0.314206,0.000000,e,テ
359,11.966667,0.591104,0.510540,1.000000,1.000000,0.309472,0.000000,e,テ
360,12.000000,0.591104,0.412037,1.000000,1.000000,0.305904,0.000000,e,テ
361,12.033333,0.404554,0.348761,1.000000,1.000000,0.303629,0.000000,e,テ
362,12.066667,0.064554,0.313593,1.000000,1.000000,0.302751,0.000000,e,テ
363,12.100000,0.000000,0.290148,1.000000,1.000000,0.303348,0.000000,k,カ
364,12.133333,0.000000,0.269304,1.000000,1.000000,0.305467,0.000000,k,カ
365,12.166667,0.000000,0.248655,1.000000,1.000000,0.308920,0.000000,k,カ
366,12.200000,0.000000,0.228006,1.000000,1.000000,0.312699,0.000000,k,カ
367,12.233333,0.000000,0.207357,1.000000,1.000000,0.316662,0.000000,k,カ
368,12.266667,0.000000,0.186708,1.000000,1.000000,0.320799,0.000000,k,カ
369,12.300000,0.000000,0.166059,1.000000,1.000000,0.325098,0.000000,k,カ
370,12.333333,0.000000,0.145410,1.000000,1.000000,0.329547,0.000000,k,カ
371,12.366667,0.000000,0.124761,1.000000,1.000000,0.334135,0.000000,k,カ
372,12.400000,0.000000,0.104112,1.000000,1.000000,0.338849,0.000000,k,カ
373,12.433333,0.000000,0.083463,1.000000,1.000000,0.343675,0.000000,k,カ
374,12.466667,0.188002,0.062934,1.000000,1.000000,0.348601,0.000000,k,カ
375,12.500000,0.454943,0.044537,1.000000,1.000000,0.353613,0.000000,k,カ
376,12.533333,0.664490,0.036685,1.000000,1.000000,0.358697,0.000000,k,カ
377,12.566667,0.616363,0.056315,1.000000,1.000000,0.363840,0.000000,a,カ
378,12.600000,0.370934,0.113773,1.000000,1.000000,0.369027,0.000000,k,ケ
379,12.633333,0.497859,0.194976,1.000000,1.000000,0.374244,0.000000,k,ケ
380,12.666667,0.637815,0.262726,1.000000,1.000000,0.379476,0.000000,e,ケ
381,12.700000,0.637781,0.259781,1.000000,1.000000,0.384711,0.000000,e,ケ
382,12.733333,0.486674,0.118625,1.000000,1.000000,0.389932,0.000000,e,エ
383,12.766667,0.339675,-0.173195,1.000000,1.000000,0.395126,0.000000,n,ノ
384,12.800000,0.484900,-0.516180,1.000000,1.000000,0.400365,0.000000,n,ノ
385,12.833333,0.232681,-0.758779,1.000000,1.000000,0.406610,0.000000,o,ノ
386,12.866667,0.125367,-0.830525,1.000000,1.000000,0.414098,0.000000,f,フ
387,12.900000,0.177405,-0.774855,1.000000,1.000000,0.422760,0.000000,f,フ
388,12.933333,0.068970,-0.654001,1.000000,1.000000,0.432501,0.000000,u,フ
389,12.966667,0.407682,-0.497924,1.000000,1.000000,0.443196,0.000000,t,タ
390,13.000000,0.668226,-0.334117,1.000000,1.000000,0.454701,0.000000,t,タ
391,13.033333,0.771889,-0.210330,1.000000,1.000000,0.466849,0.000000,a,タ
392,13.066667,0.621145,-0.186461,1.000000,1.000000,0.479455,0.000000,a,タ
393,13.100000,0.281145,-0.280105,1.000000,1.000000,0.492323,0.000000,a,タ
394,13.133333,0.507395,-0.446757,1.000000,1.000000,0.505248,0.000000,o,オ
395,13.166667,0.538196,-0.632591,1.000000,1.000000,0.518020,0.000000,o,オ
396,13.200000,0.538196,-0.799245,1.000000,1.000000,0.530426,0.000000,o,オ
397,13.233333,0.517305,-0.912096,1.000000,1.000000,0.542263,0.000000,o,オ
398,13.266667,0.177305,-0.671180,1.000000,1.000000,0.553331,0.000000,o,オ
399,13.300000,0.000000,-0.168427,1.000000,1.000000,0.563448,0.000000,o,オ
400,13.333333,0.000000,0.000000,1.000000,1.000000,0.572444,0.000000,sp,","
401,13.366667,0.000000,0.000000,1.000000,1.000000,0.580174,0.000000,sp,","
402,13.400000,0.000000,0.000000,1.000000,1.000000,0.586515,0.000000,sp,","
403,13.433333,0.000000,0.000000,1.000000,1.000000,0.591368,0.000000,sp,","
404,13.466667,0.000000,0.000000,1.000000,1.000000,0.594666,0.000000,sp,","
405,13.500000,0.000000,0.000000,1.000000,1.000000,0.596370,0.000000,sp,","
406,13.533333,0.000000,0.000000,1.000000,1.000000,0.596471,0.000000,sp,","
407,13.566667,0.000000,0.000000,1.000000,1.000000,0.594991,0.000000,sp,","
408,13.600000,0.000000,0.000000,1.000000,1.000000,0.591983,0.000000,sp,","
409,13.633333,0.000000,0.000000,1.000000,1.000000,0.587528,0.000000,sp,","
410,13.666667,0.132249,-0.048332,1.000000,1.000000,0.581734,0.000000,ts,ツ
411,13.700000,0.189865,-0.403983,1.000000,1.000000,0.574734,0.000000,ts,ツ
412,13.733333,0.233470,-0.701472,1.000000,1.000000,0.566681,0.000000,ts,ツ
413,13.766667,0.389606,-0.649691,1.000000,1.000000,0.557749,0.000000,u,ツ
414,13.800000,0.461273,-0.504506,1.000000,1.000000,0.548123,0.000000,n,ナ
415,13.833333,0.703196,-0.303063,1.000000,1.000000,0.538001,0.000000,n,ナ
416,13.866667,0.735656,-0.095163,1.000000,1.000000,0.527586,0.000000,a,ナ
417,13.900000,0.446858,0.079647,1.000000,1.000000,0.517081,0.000000,a,ナ
418,13.933333,0.569153,0.210260,1.000000,1.000000,0.506687,0.000000,e,ゲ
419,13.966667,0.515621,0.294806,1.000000,1.000000,0.496599,0.000000,e,ゲ
420,14.000000,0.401847,0.333732,1.000000,1.000000,0.486996,0.000000,t,テ
421,14.033333,0.563521,0.336680,1.000000,1.000000,0.478046,0.000000,e,テ
422,14.066667,0.565618,0.309150,1.000000,1.000000,0.469896,0.000000,e,テ
423,14.100000,0.463703,0.251492,1.000000,1.000000,0.462669,0.000000,e,テ
424,14.133333,0.474019,0.174356,1.000000,1.000000,0.456465,0.000000,k,カ
425,14.166667,0.737146,0.097390,1.000000,1.000000,0.451356,0.000000,k,カ
426,14.200000,0.494628,0.040060,1.000000,1.000000,0.447301,0.000000,a,カ
427,14.233333,0.154628,0.010877,1.000000,1.000000,0.443338,0.000000,N,ン
428,14.266667,0.321615,0.000000,1.000000,1.000000,0.439201,0.000000,N,ン
429,14.300000,0.505606,0.000000,1.000000,1.000000,0.434902,0.000000,g,ガ
430,14.333333,0.772772,0.019413,1.000000,1.000000,0.430453,0.000000,a,ガ
431,14.366667,0.794977,0.062836,1.000000,1.000000,0.425865,0.000000,a,ガ
432,14.400000,0.650739,0.102972,1.000000,1.000000,0.421151,0.000000,a,ガ
433,14.433333,0.310739,0.040584,1.000000,1.000000,0.416325,0.000000,e,エ
434,14.466667,0.292379,-0.177358,1.000000,1.000000,0.411399,0.000000,r,ル
435,14.500000,0.268736,-0.463096,1.000000,1.000000,0.406387,0.000000,u,ル
436,14.533333,0.058269,-0.694249,1.000000,1.000000,0.401303,0.000000,u,ル
437,14.566667,0.317865,-0.837209,1.000000,1.000000,0.396160,0.000000,k,コ
438,14.600000,0.503481,-0.922227,1.000000,1.000000,0.390973,0.000000,k,コ
439,14.633333,0.380218,-0.971441,1.000000,1.000000,0.385756,0.000000,o,コ
440,14.666667,0.330938,-0.993119,1.000000,1.000000,0.380524,0.000000,t,ト
441,14.700000,0.400442,-0.997561,1.000000,1.000000,0.375289,0.000000,t,ト
442,14.733333,0.502360,-0.987503,1.000000,1.000000,0.370068,0.000000,o,ト
443,14.766667,0.454103,-0.797093,1.000000,1.000000,0.364874,0.000000,o,ト
444,14.800000,0.114103,-0.274476,0.450000,0.450000,0.359721,0.000000,o,ト
445,14.833333,0.000000,0.000000,0.000000,0.000000,0.354624,0.000000,sp,.
446,14.866667,0.000000,0.000000,0.000000,0.000000,0.349597,0.000000,sp,.
447,14.900000,0.000000,0.000000,0.250000,0.250000,0.344653,0.000000,sp,.
448,14.933333,0.000000,0.000000,0.600000,0.600000,0.339805,0.000000,sil,
449,14.966667,0.000000,-0.023223,0.840000,0.840000,0.335068,0.000000,sil,
450,15.000000,0.000000,0.075336,1.000000,1.000000,0.330454,0.000000,sil,
451,15.033333,0.000000,0.175029,1.000000,1.000000,0.325976,0.000000,sil,
452,15.066667,0.000000,0.069485,1.000000,1.000000,0.321646,0.000000,sil,
453,15.100000,0.000000,0.000000,1.000000,1.000000,0.317476,0.000000,m,ミ
454,15.133333,0.340000,0.004534,1.000000,1.000000,0.313477,0.000000,i,ミ
455,15.166667,0.357243,0.239852,1.000000,1.000000,0.309661,0.000000,i,ミ
456,15.200000,0.204358,0.378389,1.000000,1.000000,0.306037,0.000000,ts,ツ
457,15.233333,0.190703,0.109010,1.000000,1.000000,0.302623,0.000000,ts,ツ
458,15.266667,0.266232,-0.127185,1.000000,1.000000,0.300220,0.000000,ts,ツ
459,15.300000,0.181632,-0.045795,1.000000,1.000000,0.299361,0.000000,u,ツ
460,15.333333,0.000000,0.000000,1.000000,1.000000,0.300005,0.000000,m,メ
461,15.366667,0.340000,0.000000,1.000000,1.000000,0.302085,0.000000,m,メ
462,15.400000,0.588365,0.018476,1.000000,1.000000,0.305504,0.000000,e,メ
463,15.433333,0.456110,0.156511,1.000000,1.000000,0.310141,0.000000,w,ワ
464,15.466667,0.448000,0.243664,1.000000,1.000000,0.315853,0.000000,w,ワ
465,15.500000,0.515673,0.204493,1.000000,1.000000,0.322478,0.000000,w,ワ
466,15.533333,0.708999,0.154608,1.000000,1.000000,0.329837,0.000000,a,ワ
467,15.566667,0.720813,0.103742,1.000000,1.000000,0.337743,0.000000,a,ワ
468,15.600000,0.720813,0.052212,1.000000,1.000000,0.345999,0.000000,a,ワ
469,15.633333,0.559092,0.000000,1.000000,1.000000,0.354407,0.000000,a,ワ
470,15.666667,0.219092,-0.051644,1.000000,1.000000,0.362770,0.000000,a,ワ
471,15.700000,0.000000,-0.047676,1.000000,1.000000,0.370899,0.000000,a,ワ
472,15.733333,0.000000,0.000000,1.000000,1.000000,0.378614,0.000000,a,ワ
473,15.766667,0.000000,0.000000,1.000000,1.000000,0.385751,0.000000,sp,","
474,15.800000,0.000000,0.000000,1.000000,1.000000,0.392161,0.000000,sp,","
475,15.833333,0.000000,0.000000,1.000000,1.000000,0.397722,0.000000,sp,","
476,15.866667,0.000000,0.000000,1.000000,1.000000,0.402331,0.000000,sp,","
477,15.900000,0.000000,0.000000,1.000000,1.000000,0.405915,0.000000,sp,","
478,15.933333,0.000000,0.000000,1.000000,1.000000,0.408427,0.000000,sp,","
479,15.966667,0.000000,0.000000,1.000000,1.000000,0.409850,0.000000,sp,","
480,16.000000,0.000000,0.000000,1.000000,1.000000,0.410195,0.000000,sp,","
481,16.033333,0.000000,0.000000,1.000000,1.000000,0.409504,0.000000,sp,","
482,16.066667,0.000000,0.000000,1.000000,1.000000,0.407845,0.000000,sp,","
483,16.100000,0.000000,0.000000,1.000000,1.000000,0.405313,0.000000,sp,","
484,16.133333,0.201878,-0.059432,1.000000,1.000000,0.402026,0.000000,t,ト
485,16.166667,0.437889,-0.500086,1.000000,1.000000,0.398125,0.000000,t,ト
486,16.200000,0.577673,-0.890096,1.000000,1.000000,0.393766,0.000000,o,ト
487,16.233333,0.345438,-0.799852,1.000000,1.000000,0.389120,0.000000,o,オ
488,16.266667,0.191106,-0.536246,1.000000,1.000000,0.384370,0.000000,sh,シ
489,16.300000,0.190000,-0.172402,1.000000,1.000000,0.379703,0.000000,sh,シ
490,16.333333,0.219066,0.182830,1.000000,1.000000,0.375306,0.000000,sh,シ
491,16.366667,0.382961,0.366715,1.000000,1.000000,0.371366,0.000000,sh,シ
492,16.400000,0.341374,0.226143,1.000000,1.000000,0.368060,0.000000,n,ノ
493,16.433333,0.476372,-0.164570,1.000000,1.000000,0.365555,0.000000,n,ノ
494,16.466667,0.310857,-0.485840,1.000000,1.000000,0.364001,0.000000,o,ノ
495,16.500000,0.190284,-0.512214,1.000000,1.000000,0.363529,0.000000,s,セ
496,16.533333,0.203145,-0.301791,1.000000,1.000000,0.364248,0.000000,s,セ
497,16.566667,0.497448,-0.026343,1.000000,1.000000,0.366242,0.000000,s,セ
498,16.600000,0.612108,0.187783,1.000000,1.000000,0.369567,0.000000,e,セ
499,16.633333,0.435792,0.284655,1.000000,1.000000,0.374244,0.000000,e,エ
500,16.666667,0.095792,0.277691,1.000000,1.000000,0.379476,0.000000,e,エ
501,16.700000,0.351609,0.212065,1.000000,1.000000,0.384711,0.000000,k,カ
502,16.733333,0.627090,0.129126,1.000000,1.000000,0.389932,0.000000,k,カ
503,16.766667,0.688974,0.059175,1.000000,1.000000,0.395126,0.000000,a,カ
504,16.800000,0.469118,0.015871,1.000000,1.000000,0.400279,0.000000,g,ガ
505,16.833333,0.547254,-0.018480,1.000000,1.000000,0.405376,0.000000,g,ガ
506,16.866667,0.666757,-0.095575,1.000000,1.000000,0.410403,0.000000,a,ガ
507,16.900000,0.359925,-0.263312,1.000000,1.000000,0.415347,0.000000,t,ト
508,16.933333,0.357354,-0.506933,1.000000,1.000000,0.420195,0.078388,t,ト
509,16.966667,0.486039,-0.748108,1.000000,1.000000,0.424932,0.327847,t,ト
510,17.000000,0.345812,-0.909968,1.000000,1.000000,0.429546,0.725272,d,ド
511,17.033333,0.358613,-0.976127,1.000000,1.000000,0.434024,1.233257,d,ド
512,17.066667,0.516795,-0.977611,1.000000,1.000000,0.438354,1.803993,d,ド
513,17.100000,0.291074,-0.936365,1.000000,1.000000,0.443070,2.383766,o,ド
514,17.133333,0.232435,-0.714651,1.000000,1.000000,0.448935,2.918008,k,ク
515,17.166667,0.288091,-0.230242,1.000000,1.000000,0.455905,3.356439,k,ク
516,17.200000,0.000000,0.000000,1.000000,1.000000,0.463898,3.657796,m,マ
517,17.233333,0.094679,0.000000,1.000000,1.000000,0.472807,3.793716,m,マ
518,17.266667,0.434679,0.000000,1.000000,1.000000,0.482499,3.751408,m,マ
519,17.300000,0.557630,-0.013339,1.000000,1.000000,0.492821,3.534852,a,マ
520,17.333333,0.435158,0.052992,1.000000,1.000000,0.503602,3.164430,d,デ
521,17.366667,0.577469,0.149594,1.000000,1.000000,0.514653,2.675006,e,デ
522,17.400000,0.583102,0.218534,1.000000,1.000000,0.525779,2.112641,e,デ
523,17.433333,0.583102,0.270373,1.000000,1.000000,0.536774,1.530263,e,デ
524,17.466667,0.381101,0.288452,1.000000,1.000000,0.547434,0.982683,e,デ
525,17.500000,0.041101,0.197048,1.000000,1.000000,0.557554,0.521437,e,デ
526,17.533333,0.000000,0.045951,1.000000,1.000000,0.566939,0.189937,e,デ
527,17.566667,0.000000,0.000000,1.000000,1.000000,0.575402,0.019380,sp,","
528,17.600000,0.000000,0.000000,1.000000,1.000000,0.582775,0.000000,sp,","
529,17.633333,0.000000,0.000000,1.000000,1.000000,0.588907,0.000000,sp,","
530,17.666667,0.000000,0.000000,1.000000,1.000000,0.593669,0.000000,sp,","
531,17.700000,0.000000,0.000000,1.000000,1.000000,0.596958,0.000000,sp,","
532,17.733333,0.000000,0.000000,1.000000,1.000000,0.598698,0.000000,sp,","
533,17.766667,0.000000,0.000000,1.000000,1.000000,0.598843,0.000000,sp,","
534,17.800000,0.000000,0.000000,1.000000,1.000000,0.597377,0.000000,sp,","
535,17.833333,0.000000,0.000000,1.000000,1.000000,0.594315,0.000000,sp,","
536,17.866667,0.000000,0.000000,1.000000,1.000000,0.589701,0.000000,sp,","
537,17.900000,0.000000,0.000000,1.000000,1.000000,0.583610,0.000000,sp,","
538,17.933333,0.000000,0.000000,1.000000,1.000000,0.576144,0.000000,sp,","
539,17.966667,0.038086,0.000000,1.000000,1.000000,0.567431,0.000000,sp,","
540,18.000000,0.210200,-0.083162,1.000000,1.000000,0.557623,0.000000,k,ク
541,18.033333,0.344033,-0.403051,1.000000,1.000000,0.546889,0.000000,k,ク
542,18.066667,0.423164,-0.549274,1.000000,1.000000,0.535417,0.000000,u,ク
543,18.100000,0.476378,-0.388602,1.000000,1.000000,0.523405,0.000000,r,ラ
544,18.133333,0.596618,-0.171074,1.000000,1.000000,0.511059,0.000000,r,ラ
545,18.166667,0.256618,0.053700,1.000000,1.000000,0.498589,0.000000,a,ラ
546,18.200000,0.190000,0.265073,1.000000,1.000000,0.486203,0.000000,sh,シ
547,18.233333,0.190859,0.436859,1.000000,1.000000,0.474104,0.000000,sh,シ
548,18.266667,0.288367,0.472781,1.000000,1.000000,0.462485,0.000000,sh,シ
549,18.300000,0.495479,0.227037,1.000000,1.000000,0.451523,0.000000,i,シ
550,18.333333,0.343435,-0.211610,1.000000,1.000000,0.441380,0.000000,o,オ
551,18.366667,0.191100,-0.486488,1.000000,1.000000,0.432195,0.000000,s,サ
552,18.400000,0.199212,-0.454439,1.000000,1.000000,0.424083,0.000000,s,サ
553,18.433333,0.515375,-0.276465,1.000000,1.000000,0.417133,0.000000,s,サ
554,18.466667,0.359424,-0.115223,1.000000,1.000000,0.411406,0.000000,a,サ
555,18.500000,0.190399,-0.031312,1.000000,1.000000,0.406387,0.000000,s,サ
556,18.533333,0.208013,0.000000,1.000000,1.000000,0.401303,0.000000,s,サ
557,18.566667,0.548013,0.017396,1.000000,1.000000,0.396160,0.000000,s,サ
558,18.600000,0.780779,0.059615,1.000000,1.000000,0.390973,0.000000,a,サ
559,18.633333,0.631156,0.102827,1.000000,1.000000,0.385756,0.000000,a,サ
560,18.666667,0.334680,0.052884,1.000000,1.000000,0.380524,0.000000,e,エ
561,18.700000,0.247103,-0.145923,1.000000,1.000000,0.375289,0.000000,r,ル
562,18.733333,0.300864,-0.418944,1.000000,1.000000,0.370068,0.000000,u,ル
563,18.766667,0.054880,-0.650463,1.000000,1.000000,0.364874,0.000000,u,ル
564,18.800000,0.259501,-0.797789,1.000000,1.000000,0.359721,0.000000,k,コ
565,18.833333,0.469492,-0.887648,1.000000,1.000000,0.354624,0.000000,k,コ
566,18.866667,0.546957,-0.946912,1.000000,1.000000,0.349597,0.000000,o,コ
567,18.900000,0.385977,-0.969977,1.000000,1.000000,0.344653,0.000000,o,コ
568,18.933333,0.469025,-0.920602,1.000000,1.000000,0.339805,0.000000,t,ト
569,18.966667,0.421639,-0.738802,1.000000,1.000000,0.335068,0.000000,o,ト
570,19.000000,0.420304,-0.419860,1.000000,1.000000,0.330454,0.000000,d,デ
571,19.033333,0.545125,-0.094809,1.000000,1.000000,0.325976,0.000000,e,デ
572,19.066667,0.235579,0.066033,1.000000,1.000000,0.321646,0.000000,e,デ
573,19.100000,0.190000,0.026854,1.000000,1.000000,0.317476,0.000000,s,ス
574,19.133333,0.190000,-0.123990,1.000000,1.000000,0.313477,0.000000,s,ス
575,19.166667,0.155995,-0.303550,0.450000,0.450000,0.309661,0.000000,s,ス
576,19.200000,0.000000,-0.346430,0.000000,0.000000,0.306037,0.000000,s,ス
577,19.233333,0.000000,-0.121481,0.000000,0.000000,0.302616,0.000000,u,ス
578,19.266667,0.000000,0.000000,0.250000,0.250000,0.299407,0.000000,sp,.
579,19.300000,0.000000,0.000000,0.600000,0.600000,0.296419,0.000000,sp,.
580,19.333333,0.000000,-0.081471,0.840000,0.840000,0.293660,0.000000,sil,
581,19.366667,0.000000,-0.253166,1.000000,1.000000,0.291138,0.000000,sil,
582,19.400000,0.000000,-0.263267,1.000000,1.000000,0.288860,0.000000,sil,
583,19.433333,0.340000,-0.161369,1.000000,1.000000,0.286831,0.000000,a,ア
584,19.466667,0.680000,-0.033376,1.000000,1.000000,0.285057,0.000000,a,ア
585,19.500000,0.787781,0.149501,1.000000,1.000000,0.283544,0.000000,a,ア
586,19.533333,0.586869,0.377018,1.000000,1.000000,0.282295,0.000000,a,ア
587,19.566667,0.403625,0.558464,1.000000,1.000000,0.281314,0.000000,i,イ
588,19.600000,0.421176,0.577002,1.000000,1.000000,0.280604,0.000000,i,イ
589,19.633333,0.527396,0.421644,1.000000,1.000000,0.280186,0.000000,d,ダ
590,19.666667,0.543533,0.213120,1.000000,1.000000,0.280922,0.000000,a,ダ
591,19.700000,0.203533,0.070623,1.000000,1.000000,0.283251,0.000000,s,サ
592,19.733333,0.190000,0.013933,1.000000,1.000000,0.287125,0.000000,s,サ
593,19.766667,0.263657,0.000000,1.000000,1.000000,0.292464,0.000000,s,サ
594,19.800000,0.603657,0.000000,1.000000,1.000000,0.299161,0.000000,s,サ
595,19.833333,0.616310,0.000000,1.000000,1.000000,0.307085,0.000000,a,サ
596,19.866667,0.276310,0.000000,1.000000,1.000000,0.316083,0.000000,a,サ
597,19.900000,0.415766,0.000000,1.000000,1.000000,0.325982,0.000000,N,ン
598,19.933333,0.448368,0.000000,1.000000,1.000000,0.336594,0.000000,w,ワ
599,19.966667,0.537557,0.000000,1.000000,1.000000,0.347722,0.000000,w,ワ
600,20.000000,0.706615,0.000000,1.000000,1.000000,0.359161,0.000000,a,ワ
601,20.033333,0.712862,0.007949,1.000000,1.000000,0.370703,0.000000,a,ワ
602,20.066667,0.390247,0.022316,1.000000,1.000000,0.382144,0.000000,a,ワ
603,20.100000,0.050247,0.018770,1.000000,1.000000,0.393286,0.000000,a,ワ
604,20.133333,0.000000,0.000000,1.000000,1.000000,0.403942,0.000000,sp,","
605,20.166667,0.000000,0.000000,1.000000,1.000000,0.413940,0.000000,sp,","
606,20.200000,0.000000,0.000000,1.000000,1.000000,0.423128,0.000000,sp,","
607,20.233333,0.000000,0.000000,1.000000,1.000000,0.431373,0.000000,sp,","
608,20.266667,0.000000,0.000000,1.000000,1.000000,0.438570,0.000000,sp,","
609,20.300000,0.000000,0.000000,1.000000,1.000000,0.444638,0.000000,sp,","
610,20.333333,0.000000,0.000000,1.000000,1.000000,0.449527,0.000000,sp,","
611,20.366667,0.000000,0.000000,1.000000,1.000000,0.453215,0.000000,sp,","
612,20.400000,0.000000,0.000000,1.000000,1.000000,0.455708,0.000000,sp,","
613,20.433333,0.000000,0.000000,1.000000,1.000000,0.457044,0.000000,sp,","
614,20.466667,0.000000,0.000000,1.000000,1.000000,0.457288,0.000000,sp,","
615,20.500000,0.000000,0.000000,1.000000,1.000000,0.456530,0.000000,sp,","
616,20.533333,0.079330,0.030817,1.000000,1.000000,0.454885,0.000000,k,キ
617,20.566667,0.235426,0.373340,1.000000,1.000000,0.452491,0.000000,k,キ
618,20.600000,0.310661,0.752284,1.000000,1.000000,0.449500,0.000000,k,キ
619,20.633333,0.401599,0.767619,1.000000,1.000000,0.446083,0.000000,i,キ
620,20.666667,0.394269,0.606342,1.000000,1.000000,0.442417,0.000000,i,キ
621,20.700000,0.338067,0.272588,1.000000,1.000000,0.438686,0.000000,i,キ
622,20.733333,0.351397,-0.161249,1.000000,1.000000,0.435078,0.000000,gy,ギョ
623,20.766667,0.535975,-0.568213,1.000000,1.000000,0.431774,0.000000,gy,ギョ
624,20.800000,0.549343,-0.842110,1.000000,1.000000,0.428950,0.000000,o,ギョ
625,20.833333,0.490786,-0.962607,1.000000,1.000000,0.426770,0.000000,o,オ
626,20.866667,0.345951,-0.985665,1.000000,1.000000,0.425383,0.000000,t,ト
627,20.900000,0.461673,-0.945019,1.000000,1.000000,0.424919,0.000000,t,ト
628,20.933333,0.267220,-0.818084,1.000000,1.000000,0.425484,0.000000,o,ト
629,20.966667,0.190000,-0.591022,1.000000,1.000000,0.427161,0.000000,s,セ
630,21.000000,0.212750,-0.303616,1.000000,1.000000,0.430005,0.000000,s,セ
631,21.033333,0.525873,-0.023696,1.000000,1.000000,0.434024,0.000000,s,セ
632,21.066667,0.618774,0.170631,1.000000,1.000000,0.438354,0.000000,e,セ
633,21.100000,0.493450,0.209576,1.000000,1.000000,0.442524,0.000000,e,エ
634,21.133333,0.153450,0.079829,1.000000,1.000000,0.446523,0.000000,f,フ
635,21.166667,0.127864,-0.161492,1.000000,1.000000,0.450339,0.000000,f,フ
636,21.200000,0.294174,-0.429374,1.000000,1.000000,0.453963,0.000000,f,フ
637,21.233333,0.338977,-0.653544,1.000000,1.000000,0.457384,0.000000,u,フ
638,21.266667,0.359868,-0.791841,1.000000,1.000000,0.460593,0.000000,n,ノ
639,21.300000,0.467603,-0.807307,1.000000,1.000000,0.463581,0.000000,n,ノ
640,21.333333,0.214950,-0.655624,1.000000,1.000000,0.466340,0.000000,sh,シ
641,21.366667,0.190000,-0.347537,1.000000,1.000000,0.468862,0.000000,sh,シ
642,21.400000,0.191866,0.026901,1.000000,1.000000,0.471140,0.000000,sh,シ
643,21.433333,0.295671,0.336256,1.000000,1.000000,0.473169,0.000000,sh,シ
644,21.466667,0.268600,0.418802,1.000000,1.000000,0.474943,0.000000,i,シ
645,21.500000,0.197428,0.197896,1.000000,1.000000,0.476456,0.000000,sh,シュ
646,21.533333,0.280922,-0.188524,1.000000,1.000000,0.477705,0.000000,sh,シュ
647,21.566667,0.210241,-0.509003,1.000000,1.000000,0.478686,0.000000,u,シュ
648,21.600000,0.199443,-0.648278,1.000000,1.000000,0.479396,0.000000,ts,ツ
649,21.633333,0.318616,-0.606992,1.000000,1.000000,0.479834,0.000000,ts,ツ
650,21.666667,0.260599,-0.385958,1.000000,1.000000,0.479999,0.000000,u,ツ
651,21.700000,0.270000,-0.018813,1.000000,1.000000,0.479889,0.000000,n,ニ
652,21.733333,0.384226,0.344488,1.000000,1.000000,0.479506,0.000000,i,ニ
653,21.766667,0.269805,0.512591,1.000000,1.000000,0.478849,0.000000,i,ニ
654,21.800000,0.190521,0.422293,1.000000,1.000000,0.477922,0.000000,ch,チュ
655,21.833333,0.190000,0.169206,1.000000,1.000000,0.476727,0.000000,ch,チュ
656,21.866667,0.195726,-0.130180,1.000000,1.000000,0.475266,0.000000,ch,チュ
657,21.900000,0.318447,-0.367880,1.000000,1.000000,0.473544,0.000000,ch,チュ
658,21.933333,0.341803,-0.251394,1.000000,1.000000,0.471566,0.000000,u,チュ
659,21.966667,0.057974,-0.010504,1.000000,1.000000,0.469337,0.000000,u,ウ
660,22.000000,0.000000,0.000000,1.000000,1.000000,0.466863,0.000000,m,モ
661,22.033333,0.340000,0.000000,1.000000,1.000000,0.464551,0.000000,m,モ
662,22.066667,0.498750,-0.168561,1.000000,1.000000,0.463305,0.000000,o,モ
663,22.100000,0.248310,-0.626264,1.000000,1.000000,0.463130,0.000000,o,モ
664,22.133333,0.279317,-0.770722,1.000000,1.000000,0.463967,0.000000,k,ク
665,22.166667,0.248500,-0.560096,1.000000,1.000000,0.465732,0.000000,u,ク
666,22.200000,0.190387,-0.236370,1.000000,1.000000,0.468316,0.000000,sh,シ
667,22.233333,0.203469,0.149254,1.000000,1.000000,0.471586,0.000000,sh,シ
668,22.266667,0.184830,0.488158,1.000000,1.000000,0.475391,0.000000,sh,シ
669,22.300000,0.033884,0.673298,1.000000,1.000000,0.479566,0.000000,i,シ
670,22.333333,0.360118,0.684944,1.000000,1.000000,0.483934,0.000000,t,テ
671,22.366667,0.580908,0.597804,1.000000,1.000000,0.488308,0.000000,e,テ
672,22.400000,0.590449,0.490872,1.000000,1.000000,0.492503,0.000000,e,テ
673,22.433333,0.590449,0.355481,1.000000,1.000000,0.496331,0.000000,e,テ
674,22.466667,0.401793,0.130865,1.000000,1.000000,0.499612,0.000000,e,テ
675,22.500000,0.061793,0.000000,1.000000,1.000000,0.502177,0.000000,e,テ
676,22.533333,0.000000,0.000000,1.000000,1.000000,0.503871,0.000000,sp,","
677,22.566667,0.000000,0.000000,1.000000,1.000000,0.504555,0.000000,sp,","
678,22.600000,0.000000,0.000000,1.000000,1.000000,0.504114,0.000000,sp,","
679,22.633333,0.000000,0.000000,1.000000,1.000000,0.502455,0.000000,sp,","
680,22.666667,0.000000,0.000000,1.000000,1.000000,0.499514,0.000000,sp,","
681,22.700000,0.000000,0.000000,1.000000,1.000000,0.495255,0.000000,sp,","
682,22.733333,0.000000,0.000000,1.000000,1.000000,0.489668,0.000000,sp,","
683,22.766667,0.000000,0.000000,1.000000,1.000000,0.482777,0.000000,sp,","
684,22.800000,0.000000,0.000000,1.000000,1.000000,0.474635,0.000000,sp,","
685,22.833333,0.000000,0.000000,1.000000,1.000000,0.465321,0.000000,sp,","
686,22.866667,0.000000,0.000000,1.000000,1.000000,0.454944,0.000000,sp,","
687,22.900000,0.000000,0.000000,1.000000,1.000000,0.443638,0.000000,sp,","
688,22.933333,0.159443,0.049688,1.000000,1.000000,0.431558,0.000000,s,セ
689,22.966667,0.190000,0.230515,1.000000,1.000000,0.418878,0.000000,s,セ
690,23.000000,0.190000,0.349489,1.000000,1.000000,0.405790,0.000000,s,セ
691,23.033333,0.302307,0.349999,1.000000,1.000000,0.392495,0.000000,s,セ
692,23.066667,0.609839,0.348744,1.000000,1.000000,0.379203,0.000000,e,セ
693,23.100000,0.603224,0.337501,1.000000,1.000000,0.366125,0.000000,e,セ
694,23.133333,0.591854,0.289852,1.000000,1.000000,0.353472,0.000000,e,エ
695,23.166667,0.456331,0.171141,1.000000,1.000000,0.341448,0.000000,e,エ
696,23.200000,0.199490,-0.022141,1.000000,1.000000,0.330247,0.000000,ch,チョ
697,23.233333,0.220202,-0.257182,1.000000,1.000000,0.320048,0.000000,ch,チョ
698,23.266667,0.491739,-0.499993,1.000000,1.000000,0.311013,0.000000,ch,チョ
699,23.300000,0.538150,-0.721310,1.000000,1.000000,0.303279,0.000000,o,チョ
700,23.333333,0.214410,-0.884043,1.000000,1.000000,0.296962,0.000000,o,チョ
701,23.366667,0.090120,-0.967980,1.000000,1.000000,0.292147,-0.018060,o,チョ
702,23.400000,0.430120,-0.994925,1.000000,1.000000,0.288894,-0.165173,o,オ
703,23.433333,0.550867,-0.999733,1.000000,1.000000,0.286831,-0.447327,o,オ
704,23.466667,0.550867,-1.000000,1.000000,1.000000,0.285057,-0.837966,o,オ
705,23.500000,0.510045,-1.000000,1.000000,1.000000,0.283544,-1.300325,o,オ
706,23.533333,0.344030,-1.000000,1.000000,1.000000,0.282295,-1.790888,t,ト
707,23.566667,0.191749,-1.000000,1.000000,1.000000,0.281314,-2.263485,t,ト
708,23.600000,0.000000,-1.000000,1.000000,1.000000,0.280604,-2.673637,t,ト
709,23.633333,0.000000,-1.000000,1.000000,1.000000,0.280166,-2.982744,t,ト
710,23.666667,0.000000,-1.000000,1.000000,1.000000,0.280001,-3.161711,t,ト
711,23.700000,0.000000,-1.000000,1.000000,1.000000,0.280111,-3.193697,t,ト
712,23.733333,0.000000,-1.000000,1.000000,1.000000,0.280494,-3.075691,t,ト
713,23.766667,0.000000,-1.000000,1.000000,1.000000,0.281151,-2.818798,t,ト
714,23.800000,0.000000,-1.000000,1.000000,1.000000,0.282078,-2.447197,t,ト
715,23.833333,0.000000,-1.000000,1.000000,1.000000,0.283273,-1.995861,t,ト
716,23.866667,0.000000,-0.999669,1.000000,1.000000,0.284734,-1.507268,t,ト
717,23.900000,0.000000,-0.993632,1.000000,1.000000,0.286456,-1.027403,t,ト
718,23.933333,0.000000,-0.959677,1.000000,1.000000,0.288434,-0.601428,t,ト
719,23.966667,0.080181,-0.853713,1.000000,1.000000,0.290663,-0.269435,o,ト
720,24.000000,0.419026,-0.650613,1.000000,1.000000,0.293137,-0.062670,k,カ
721,24.033333,0.600016,-0.388768,1.000000,1.000000,0.295849,0.000000,k,カ
722,24.066667,0.608670,-0.142176,1.000000,1.000000,0.298792,0.000000,a,カ
723,24.100000,0.367382,0.041761,1.000000,1.000000,0.301957,0.000000,k,ケ
724,24.133333,0.424950,0.167107,1.000000,1.000000,0.305336,0.000000,k,ケ
725,24.166667,0.607855,0.258002,1.000000,1.000000,0.308920,0.000000,e,ケ
726,24.200000,0.613277,0.327116,1.000000,1.000000,0.312699,0.000000,e,ケ
727,24.233333,0.392485,0.391505,1.000000,1.000000,0.316662,0.000000,e,エ
728,24.266667,0.192623,0.474951,1.000000,1.000000,0.320799,0.000000,sh,シ
729,24.300000,0.190000,0.579703,1.000000,1.000000,0.325098,0.000000,sh,シ
730,24.333333,0.208974,0.675120,1.000000,1.000000,0.329547,0.000000,sh,シ
731,24.366667,0.407189,0.695964,1.000000,1.000000,0.334135,0.000000,sh,シ
732,24.400000,0.602883,0.567622,1.000000,1.000000,0.338849,0.000000,i,シ
733,24.433333,0.373259,0.292518,1.000000,1.000000,0.343675,0.000000,e,エ
734,24.466667,0.143022,-0.048251,1.000000,1.000000,0.348601,0.000000,N,ン
735,24.500000,0.218405,-0.384917,1.000000,1.000000,0.353613,0.000000,N,ン
736,24.533333,0.528371,-0.666851,1.000000,1.000000,0.358697,0.000000,o,オ
737,24.566667,0.332936,-0.836929,1.000000,1.000000,0.363840,0.000000,o,オ
738,24.600000,0.190933,-0.879873,1.000000,1.000000,0.369027,0.000000,s,ス
739,24.633333,0.192586,-0.845492,1.000000,1.000000,0.374244,0.000000,s,ス
740,24.666667,0.276623,-0.791578,1.000000,1.000000,0.379476,0.000000,s,ス
741,24.700000,0.233332,-0.749305,1.000000,1.000000,0.384711,0.000000,u,ス
742,24.733333,0.190086,-0.727094,1.000000,1.000000,0.389932,0.000000,s,ス
743,24.766667,0.195892,-0.666063,1.000000,1.000000,0.395126,0.000000,s,ス
744,24.800000,0.302104,-0.307604,1.000000,1.000000,0.400279,0.000000,s,ス
745,24.833333,0.082534,-0.016749,1.000000,1.000000,0.405376,0.000000,u,ス
746,24.866667,0.000000,0.000000,1.000000,1.000000,0.410403,0.000000,m,メ
747,24.900000,0.340000,0.000000,1.000000,1.000000,0.415347,0.000000,m,メ
748,24.933333,0.405050,-0.008725,1.000000,1.000000,0.420195,0.000000,e,メ
749,24.966667,0.266373,-0.117122,1.000000,1.000000,0.424932,0.000000,r,ル
750,25.000000,0.206657,-0.048592,1.000000,1.000000,0.429546,0.000000,u,ル
751,25.033333,0.000000,0.000000,1.000000,1.000000,0.434024,0.000000,m,ミ
752,25.066667,0.050958,0.000000,1.000000,1.000000,0.438354,0.000000,m,ミ
753,25.100000,0.353947,0.000000,1.000000,1.000000,0.442524,0.000000,m,ミ
754,25.133333,0.288764,0.201792,1.000000,1.000000,0.446523,0.000000,i,ミ
755,25.166667,0.192134,0.683654,1.000000,1.000000,0.450339,0.000000,ch,チ
756,25.200000,0.278221,0.844633,1.000000,1.000000,0.453963,0.000000,ch,チ
757,25.233333,0.287365,0.713584,1.000000,1.000000,0.457384,0.000000,i,チ
758,25.266667,0.191296,0.438226,1.000000,1.000000,0.460593,0.000000,s,ス
759,25.300000,0.198583,0.078633,1.000000,1.000000,0.463581,0.000000,s,ス
760,25.333333,0.303003,-0.216397,1.000000,1.000000,0.466340,0.000000,s,ス
761,25.366667,0.215156,-0.281919,1.000000,1.000000,0.468862,0.000000,u,ス
762,25.400000,0.190000,-0.090323,1.000000,1.000000,0.471140,0.000000,j,ジ
763,25.433333,0.247156,0.165509,1.000000,1.000000,0.473169,0.000000,j,ジ
764,25.466667,0.455841,0.194209,1.000000,1.000000,0.474943,0.000000,i,ジ
765,25.500000,0.543923,-0.080995,1.000000,1.000000,0.476456,0.000000,o,オ
766,25.533333,0.272657,-0.333171,1.000000,1.000000,0.477705,0.000000,o,オ
767,25.566667,0.190000,-0.265059,1.000000,1.000000,0.478686,0.000000,sh,シ
768,25.600000,0.192038,0.044288,1.000000,1.000000,0.479396,0.000000,sh,シ
769,25.633333,0.302061,0.224042,1.000000,1.000000,0.479834,0.000000,sh,シ
770,25.666667,0.158548,0.052590,1.000000,1.000000,0.479999,0.000000,i,シ
771,25.700000,0.000000,0.000000,1.000000,1.000000,0.479889,0.000000,m,メ
772,25.733333,0.340000,0.000000,1.000000,1.000000,0.479506,0.000000,m,メ
773,25.766667,0.358537,0.093671,1.000000,1.000000,0.478849,0.000000,e,メ
774,25.800000,0.191101,0.390982,1.000000,1.000000,0.477922,0.000000,sh,シ
775,25.833333,0.204678,0.649666,1.000000,1.000000,0.476727,0.000000,sh,シ
776,25.866667,0.335985,0.724231,1.000000,1.000000,0.475266,0.000000,sh,シ
777,25.900000,0.361109,0.711098,1.000000,1.000000,0.473544,0.000000,i,シ
778,25.933333,0.482201,0.636931,1.000000,1.000000,0.471566,0.000000,t,テ
779,25.966667,0.483956,0.502642,1.000000,1.000000,0.469337,0.000000,e,テ
780,26.000000,0.337643,0.193777,1.000000,1.000000,0.466863,0.000000,i,イ
781,26.033333,0.027888,0.000000,1.000000,1.000000,0.464151,0.000000,m,マ
782,26.066667,0.000000,0.000000,1.000000,1.000000,0.461208,0.000000,m,マ
783,26.100000,0.310372,0.000000,1.000000,1.000000,0.458043,0.000000,m,マ
784,26.133333,0.440183,0.000000,1.000000,1.000000,0.454664,0.000000,a,マ
785,26.166667,0.193362,-0.041501,1.000000,1.000000,0.451080,0.000000,s,ス
786,26.200000,0.190000,-0.205514,1.000000,1.000000,0.447301,0.000000,s,ス
787,26.233333,0.190000,-0.335991,1.000000,1.000000,0.443338,0.000000,s,ス
788,26.266667,0.155995,-0.451074,0.450000,0.450000,0.439201,0.000000,s,ス
789,26.300000,0.000000,-0.433716,0.000000,0.000000,0.434902,0.000000,s,ス
790,26.333333,0.000000,-0.156911,0.000000,0.000000,0.430453,0.000000,u,ス
791,26.366667,0.000000,0.000000,0.250000,0.250000,0.425865,0.000000,sp,.
792,26.400000,0.000000,0.000000,0.600000,0.600000,0.421151,0.000000,sp,.
793,26.433333,0.000000,-0.069145,0.840000,0.840000,0.416325,0.000000,sil,
794,26.466667,0.000000,-0.265044,1.000000,1.000000,0.411399,0.000000,sil,
795,26.500000,0.000000,-0.316663,1.000000,1.000000,0.406387,0.000000,t,タ
796,26.533333,0.277520,-0.232092,1.000000,1.000000,0.401429,0.000000,t,タ
797,26.566667,0.617520,-0.149765,1.000000,1.000000,0.397533,0.000000,t,タ
798,26.600000,0.798814,-0.078204,1.000000,1.000000,0.394904,0.000000,a,タ
799,26.633333,0.717878,-0.028946,1.000000,1.000000,0.393496,0.000000,a,タ
800,26.666667,0.504929,0.000000,1.000000,1.000000,0.393240,0.000000,d,ダ
801,26.700000,0.577184,0.028920,1.000000,1.000000,0.394039,0.000000,d,ダ
802,26.733333,0.237184,0.088405,1.000000,1.000000,0.395772,0.000000,a,ダ
803,26.766667,0.190000,0.183415,1.000000,1.000000,0.398299,0.000000,sh,シ
804,26.800000,0.190000,0.298817,1.000000,1.000000,0.401461,0.000000,sh,シ
805,26.833333,0.204639,0.420354,1.000000,1.000000,0.405086,0.000000,sh,シ
806,26.866667,0.353819,0.542418,1.000000,1.000000,0.408994,0.000000,sh,シ
807,26.900000,0.388037,0.659374,1.000000,1.000000,0.412998,0.000000,i,シ
808,26.933333,0.386955,0.753122,1.000000,1.000000,0.416913,0.000000,i,シ
809,26.966667,0.235967,0.788801,1.000000,1.000000,0.420557,0.000000,i,シ
810,27.000000,0.000000,0.490012,1.000000,1.000000,0.423753,0.000000,i,シ
811,27.033333,0.000000,0.089929,1.000000,1.000000,0.426342,0.000000,i,シ
812,27.066667,0.000000,0.000000,1.000000,1.000000,0.428177,0.000000,sp,","
813,27.100000,0.000000,0.000000,1.000000,1.000000,0.429133,0.000000,sp,","
814,27.133333,0.000000,0.000000,1.000000,1.000000,0.429106,0.000000,sp,","
815,27.166667,0.000000,0.000000,1.000000,1.000000,0.428019,0.000000,sp,","
816,27.200000,0.000000,0.000000,1.000000,1.000000,0.425821,0.000000,sp,","
817,27.233333,0.000000,0.000000,1.000000,1.000000,0.422490,0.000000,sp,","
818,27.266667,0.000000,0.000000,1.000000,1.000000,0.418034,0.000000,sp,","
819,27.300000,0.000000,0.000000,1.000000,1.000000,0.412489,0.000000,sp,","
820,27.333333,0.000000,0.000000,1.000000,1.000000,0.405921,0.000000,sp,","
821,27.366667,0.000000,0.000000,1.000000,1.000000,0.398422,0.000000,sp,","
822,27.400000,0.000000,0.000000,1.000000,1.000000,0.390110,0.000000,b,ブ
823,27.433333,0.340000,-0.021328,1.000000,1.000000,0.381127,0.000000,u,ブ
824,27.466667,0.317659,-0.223266,1.000000,1.000000,0.371632,0.000000,u,ブ
825,27.500000,0.000000,0.000000,1.000000,1.000000,0.361805,0.000000,u,ブ
826,27.533333,0.055228,0.000000,1.000000,1.000000,0.351834,0.000000,cl,ッ
827,27.566667,0.395228,-0.047132,1.000000,1.000000,0.341917,0.000000,k,カ
828,27.600000,0.670104,-0.104017,1.000000,1.000000,0.332258,0.000000,k,カ
829,27.633333,0.531987,-0.059838,1.000000,1.000000,0.323058,0.000000,a,カ
830,27.666667,0.448947,-0.014882,1.000000,1.000000,0.314513,0.000000,y,ヤ
831,27.700000,0.571293,0.005891,1.000000,1.000000,0.306812,0.000000,y,ヤ
832,27.733333,0.571627,0.040211,1.000000,1.000000,0.300128,0.000000,a,ヤ
833,27.766667,0.231627,0.121851,1.000000,1.000000,0.294619,0.000000,a,ヤ
834,27.800000,0.124375,0.256560,1.000000,1.000000,0.290420,0.000000,k,キ
835,27.833333,0.239359,0.421432,1.000000,1.000000,0.287644,0.000000,k,キ
836,27.866667,0.299897,0.590232,1.000000,1.000000,0.286375,0.000000,k,キ
837,27.900000,0.422618,0.738234,1.000000,1.000000,0.286671,0.000000,i,キ
838,27.933333,0.286381,0.838814,1.000000,1.000000,0.288434,0.000000,i,キ
839,27.966667,0.144926,0.885091,1.000000,1.000000,0.290663,0.000000,N,ン
840,28.000000,0.217075,0.895713,1.000000,1.000000,0.293137,0.000000,N,ン
841,28.033333,0.384360,0.880833,1.000000,1.000000,0.295849,0.000000,r,リ
842,28.066667,0.435575,0.817386,1.000000,1.000000,0.298792,0.000000,i,リ
843,28.100000,0.572641,0.671314,1.000000,1.000000,0.301957,0.000000,i,リ
844,28.133333,0.635307,0.440752,1.000000,1.000000,0.305336,0.000000,e,エ
845,28.166667,0.457442,0.153080,1.000000,1.000000,0.308920,0.000000,e,エ
846,28.200000,0.333188,-0.158702,1.000000,1.000000,0.312699,0.000000,n,ノ
847,28.233333,0.450975,-0.437369,1.000000,1.000000,0.316890,0.000000,n,ノ
848,28.266667,0.572948,-0.565513,1.000000,1.000000,0.322473,0.000000,o,ノ
849,28.300000,0.598673,-0.429379,1.000000,1.000000,0.329521,0.000000,o,ノ
850,28.333333,0.610032,-0.105633,1.000000,1.000000,0.337961,0.000000,e,エ
851,28.366667,0.597433,0.167084,1.000000,1.000000,0.347692,0.000000,e,エ
852,28.400000,0.444456,0.249720,1.000000,1.000000,0.358586,0.028048,e,エ
853,28.433333,0.104456,0.160348,1.000000,1.000000,0.370492,0.192443,e,エ
854,28.466667,0.229974,-0.035181,1.000000,1.000000,0.383240,0.489311,ky,キョ
855,28.500000,0.330166,-0.276911,1.000000,1.000000,0.396639,0.890713,ky,キョ
856,28.533333,0.386328,-0.524681,1.000000,1.000000,0.410490,1.358871,ky,キョ
857,28.566667,0.558529,-0.745268,1.000000,1.000000,0.424583,1.849722,o,キョ
858,28.600000,0.557344,-0.899978,1.000000,1.000000,0.438704,2.317071,o,キョ
859,28.633333,0.538277,-0.731343,1.000000,1.000000,0.452638,2.716932,o,オ
860,28.666667,0.340000,-0.219916,1.000000,1.000000,0.466177,3.011671,o,オ
861,28.700000,0.000000,0.000000,1.000000,1.000000,0.479121,3.173550,sp,","
862,28.733333,0.000000,0.000000,1.000000,1.000000,0.491284,3.187333,sp,","
863,28.766667,0.000000,0.000000,1.000000,1.000000,0.502496,3.051722,sp,","
864,28.800000,0.000000,0.000000,1.000000,1.000000,0.512608,2.779481,sp,","
865,28.833333,0.000000,0.000000,1.000000,1.000000,0.521496,2.396232,sp,","
866,28.866667,0.000000,0.000000,1.000000,1.000000,0.529060,1.938044,sp,","
867,28.900000,0.000000,0.000000,1.000000,1.000000,0.535231,1.448042,sp,","
868,28.933333,0.000000,0.000000,1.000000,1.000000,0.539967,0.972341,sp,","
869,28.966667,0.000000,0.000000,1.000000,1.000000,0.543258,0.555713,sp,","
870,29.000000,0.000000,0.000000,1.000000,1.000000,0.545122,0.237369,sp,","
871,29.033333,0.000000,0.000000,1.000000,1.000000,0.545610,0.047270,sp,","
872,29.066667,0.000000,0.000000,1.000000,1.000000,0.544797,0.000000,sp,","
873,29.100000,0.000000,0.000000,1.000000,1.000000,0.542787,0.000000,sp,","
874,29.133333,0.108848,0.000000,1.000000,1.000000,0.539705,0.000000,sp,","
875,29.166667,0.329010,-0.314697,1.000000,1.000000,0.535701,0.000000,t,ト
876,29.200000,0.506564,-0.823308,1.000000,1.000000,0.530937,0.000000,t,ト
877,29.233333,0.557641,-0.909313,1.000000,1.000000,0.525591,0.000000,o,ト
878,29.266667,0.258479,-0.707557,1.000000,1.000000,0.519849,0.000000,o,オ
879,29.300000,0.190000,-0.359508,1.000000,1.000000,0.513904,0.000000,sh,シ
880,29.333333,0.206974,0.041864,1.000000,1.000000,0.507945,0.000000,sh,シ
881,29.366667,0.369801,0.312348,1.000000,1.000000,0.502161,0.000000,sh,シ
882,29.400000,0.342818,0.262903,1.000000,1.000000,0.496729,0.000000,i,シ
883,29.433333,0.458616,-0.090273,1.000000,1.000000,0.491817,0.000000,n,ノ
884,29.466667,0.463044,-0.459215,1.000000,1.000000,0.487573,0.000000,o,ノ
885,29.500000,0.201213,-0.575090,1.000000,1.000000,0.484127,0.000000,s,セ
886,29.533333,0.190381,-0.431009,1.000000,1.000000,0.481711,0.000000,s,セ
887,29.566667,0.326620,-0.173875,1.000000,1.000000,0.481402,0.000000,s,セ
888,29.600000,0.614841,0.074799,1.000000,1.000000,0.483443,0.000000,e,セ
889,29.633333,0.607607,0.243796,1.000000,1.000000,0.487574,0.000000,e,セ
890,29.666667,0.480053,0.313639,1.000000,1.000000,0.492715,0.000000,e,エ
891,29.700000,0.140053,0.312485,1.000000,1.000000,0.498639,0.000000,e,エ
892,29.733333,0.272431,0.276796,1.000000,1.000000,0.505210,0.000000,k,カ
893,29.766667,0.478045,0.228533,1.000000,1.000000,0.512274,0.000000,k,カ
894,29.800000,0.690535,0.177177,1.000000,1.000000,0.519662,0.000000,k,カ
895,29.833333,0.723082,0.125287,1.000000,1.000000,0.527188,0.000000,a,カ
896,29.866667,0.723082,0.073074,1.000000,1.000000,0.534663,0.000000,a,カ
897,29.900000,0.680000,0.019827,1.000000,1.000000,0.541890,0.000000,a,カ
898,29.933333,0.340000,-0.035249,1.000000,1.000000,0.548674,0.000000,a,カ
899,29.966667,0.000000,-0.064472,1.000000,1.000000,0.554826,0.000000,a,カ
900,30.000000,0.000000,-0.026269,1.000000,1.000000,0.560162,0.000000,a,カ
901,30.033333,0.000000,0.000000,1.000000,1.000000,0.564517,0.000000,sp,","
902,30.066667,0.000000,0.000000,1.000000,1.000000,0.567740,0.000000,sp,","
903,30.100000,0.000000,0.000000,1.000000,1.000000,0.569700,0.000000,sp,","
904,30.133333,0.000000,0.000000,1.000000,1.000000,0.570293,0.000000,sp,","
905,30.166667,0.000000,0.000000,1.000000,1.000000,0.569438,0.000000,sp,","
906,30.200000,0.000000,0.000000,1.000000,1.000000,0.567085,0.000000,sp,","
907,30.233333,0.000000,0.000000,1.000000,1.000000,0.563212,0.000000,sp,","
908,30.266667,0.000000,0.000000,1.000000,1.000000,0.557828,0.000000,sp,","
909,30.300000,0.000000,0.000000,1.000000,1.000000,0.550972,0.000000,sp,","
910,30.333333,0.000000,0.000000,1.000000,1.000000,0.542713,0.000000,sp,","
911,30.366667,0.000000,0.000000,1.000000,1.000000,0.533148,0.000000,sp,","
912,30.400000,0.224422,0.000000,1.000000,1.000000,0.522402,0.000000,sp,","
913,30.433333,0.349249,-0.115911,1.000000,1.000000,0.510621,0.000000,y,ヨ
914,30.466667,0.499638,-0.577144,1.000000,1.000000,0.497974,0.000000,y,ヨ
915,30.500000,0.237328,-0.821328,1.000000,1.000000,0.484648,0.000000,o,ヨ
916,30.533333,0.190531,-0.660204,1.000000,1.000000,0.470841,0.000000,s,サ
917,30.566667,0.380536,-0.448416,1.000000,1.000000,0.456763,0.000000,s,サ
918,30.600000,0.720536,-0.244842,1.000000,1.000000,0.442628,0.000000,a,サ
919,30.633333,0.519833,-0.097949,1.000000,1.000000,0.428648,0.000000,a,サ
920,30.666667,0.179833,-0.025579,1.000000,1.000000,0.415035,0.000000,N,ン
921,30.700000,0.351494,0.000000,1.000000,1.000000,0.401990,0.000000,N,ン
922,30.733333,0.605240,0.016938,1.000000,1.000000,0.389702,0.000000,g,ガ
923,30.766667,0.546179,0.068020,1.000000,1.000000,0.378342,0.000000,a,ガ
924,30.800000,0.206179,0.175436,1.000000,1.000000,0.368064,0.000000,j,ジ
925,30.833333,0.190170,0.329966,1.000000,1.000000,0.358995,0.000000,j,ジ
926,30.866667,0.250872,0.498354,1.000000,1.000000,0.351238,0.000000,j,ジ
927,30.900000,0.379418,0.623229,1.000000,1.000000,0.344868,0.000000,i,ジ
928,30.933333,0.342848,0.386135,1.000000,1.000000,0.339805,0.000000,i,ジ
929,30.966667,0.047447,0.048119,1.000000,1.000000,0.335068,0.000000,i,ジ
930,31.000000,0.026691,0.000000,1.000000,1.000000,0.330454,0.000000,cl,ッ
931,31.033333,0.277489,-0.019840,1.000000,1.000000,0.325976,0.000000,k,コ
932,31.066667,0.411487,-0.316969,1.000000,1.000000,0.321646,0.000000,k,コ
933,31.100000,0.582723,-0.746847,1.000000,1.000000,0.317476,0.000000,o,コ
934,31.133333,0.496680,-0.845047,1.000000,1.000000,0.313477,0.000000,o,オ
935,31.166667,0.209186,-0.765947,1.000000,1.000000,0.309661,0.000000,s,サ
936,31.200000,0.190000,-0.574121,1.000000,1.000000,0.306037,0.000000,s,サ
937,31.233333,0.324746,-0.344049,1.000000,1.000000,0.302616,0.000000,s,サ
938,31.266667,0.613037,-0.123711,1.000000,1.000000,0.299407,0.000000,a,サ
939,31.300000,0.381724,0.052845,1.000000,1.000000,0.296419,0.000000,r,レ
940,31.333333,0.525582,0.143187,1.000000,1.000000,0.293660,0.000000,r,レ
941,31.366667,0.282817,0.092974,1.000000,1.000000,0.291138,0.000000,e,レ
942,31.400000,0.236065,-0.099267,1.000000,1.000000,0.288860,0.000000,r,ル
943,31.433333,0.331164,-0.332249,1.000000,1.000000,0.286831,0.000000,r,ル
944,31.466667,0.110867,-0.464630,1.000000,1.000000,0.285057,0.000000,u,ル
945,31.500000,0.230648,-0.433940,1.000000,1.000000,0.283544,0.000000,k,カ
946,31.533333,0.522967,-0.230466,1.000000,1.000000,0.282295,0.000000,k,カ
947,31.566667,0.340000,-0.046642,1.000000,1.000000,0.281314,0.000000,a,カ
948,31.600000,0.000000,0.000000,1.000000,1.000000,0.280604,0.000000,m,モ
949,31.633333,0.040223,0.000000,1.000000,1.000000,0.280166,0.000000,m,モ
950,31.666667,0.380223,0.000000,1.000000,1.000000,0.280001,0.000000,m,モ
951,31.700000,0.544145,-0.164437,1.000000,1.000000,0.280111,0.000000,o,モ
952,31.733333,0.541089,-0.651957,1.000000,1.000000,0.280494,0.000000,o,モ
953,31.766667,0.299451,-0.898035,1.000000,1.000000,0.281151,0.000000,o,モ
954,31.800000,0.000000,-0.861352,1.000000,1.000000,0.282078,0.000000,t,タ
955,31.833333,0.000000,-0.802786,1.000000,1.000000,0.283273,0.000000,t,タ
956,31.866667,0.000000,-0.740074,1.000000,1.000000,0.284734,0.000000,t,タ
957,31.900000,0.000000,-0.677181,1.000000,1.000000,0.286456,0.000000,t,タ
958,31.933333,0.000000,-0.614288,1.000000,1.000000,0.288434,0.000000,t,タ
959,31.966667,0.000000,-0.551395,1.000000,1.000000,0.290663,0.000000,t,タ
960,32.000000,0.000000,-0.488502,1.000000,1.000000,0.293137,0.000000,t,タ
961,32.033333,0.000000,-0.425609,1.000000,1.000000,0.295849,0.000000,t,タ
962,32.066667,0.000000,-0.362716,1.000000,1.000000,0.298792,0.000000,t,タ
963,32.100000,0.000000,-0.299822,1.000000,1.000000,0.301957,0.000000,t,タ
964,32.133333,0.000000,-0.236929,1.000000,1.000000,0.305336,0.000000,t,タ
965,32.166667,0.188002,-0.173415,1.000000,1.000000,0.308920,0.000000,t,タ
966,32.200000,0.455906,-0.103417,1.000000,1.000000,0.312699,0.000000,t,タ
967,32.233333,0.627575,-0.006773,1.000000,1.000000,0.316662,0.000000,t,タ
968,32.266667,0.287575,0.147463,1.000000,1.000000,0.320799,0.000000,a,タ
969,32.300000,0.198084,0.358088,1.000000,1.000000,0.325098,0.000000,sh,シ
970,32.333333,0.326078,0.555009,1.000000,1.000000,0.329547,0.000000,sh,シ
971,32.366667,0.415042,0.628414,1.000000,1.000000,0.334135,0.000000,i,シ
972,32.400000,0.450252,0.524275,1.000000,1.000000,0.338849,0.000000,k,カ
973,32.433333,0.610758,0.202272,1.000000,1.000000,0.343675,0.000000,k,カ
974,32.466667,0.325542,0.018250,1.000000,1.000000,0.348601,0.000000,a,カ
975,32.500000,0.000000,0.000000,1.000000,1.000000,0.353613,0.000000,m,メ
976,32.533333,0.146118,0.000000,1.000000,1.000000,0.358697,0.000000,m,メ
977,32.566667,0.486118,0.000000,1.000000,1.000000,0.363840,0.000000,e,メ
978,32.600000,0.352509,0.010357,1.000000,1.000000,0.369027,0.000000,e,メ
979,32.633333,0.329444,-0.166171,1.000000,1.000000,0.374244,0.000000,r,ル
980,32.666667,0.293111,-0.286094,1.000000,1.000000,0.379476,0.000000,u,ル
981,32.700000,0.241229,-0.130691,1.000000,1.000000,0.384711,0.000000,h,ヒ
982,32.733333,0.258845,0.179771,1.000000,1.000000,0.389932,0.000000,h,ヒ
983,32.766667,0.106472,0.417145,1.000000,1.000000,0.395126,0.000000,i,ヒ
984,32.800000,0.097972,0.391307,1.000000,1.000000,0.400279,0.000000,i,ヒ
985,32.833333,0.199829,0.098305,1.000000,1.000000,0.405376,0.000000,ts,ツ
986,32.866667,0.313070,-0.290697,1.000000,1.000000,0.410403,0.000000,ts,ツ
987,32.900000,0.331549,-0.605461,1.000000,1.000000,0.415347,0.000000,u,ツ
988,32.933333,0.333880,-0.793288,1.000000,1.000000,0.420195,0.000000,y,ヨ
989,32.966667,0.472263,-0.894156,1.000000,1.000000,0.424932,0.000000,y,ヨ
990,33.000000,0.559529,-0.938709,1.000000,1.000000,0.429546,0.000000,o,ヨ
991,33.033333,0.537534,-0.906849,1.000000,1.000000,0.434024,0.000000,o,オ
992,33.066667,0.464628,-0.769897,1.000000,1.000000,0.438354,0.000000,o,オ
993,33.100000,0.463378,-0.546718,1.000000,1.000000,0.442524,0.000000,g,ガ
994,33.133333,0.704479,-0.299594,1.000000,1.000000,0.446523,0.000000,g,ガ
995,33.166667,0.751752,-0.076832,1.000000,1.000000,0.450339,0.000000,a,ガ
996,33.200000,0.411752,0.135990,1.000000,1.000000,0.453963,0.000000,a,ア
997,33.233333,0.283393,0.325674,1.000000,1.000000,0.457384,0.000000,r,リ
998,33.266667,0.364472,0.210825,1.000000,1.000000,0.460593,0.000000,i,リ
999,33.300000,0.049814,0.000000,1.000000,1.000000,0.463581,0.000000,i,リ
1000,33.333333,0.000000,0.000000,1.000000,1.000000,0.466340,0.000000,m,マ
1001,33.366667,0.340000,0.000000,1.000000,1.000000,0.468862,0.000000,m,マ
1002,33.400000,0.373443,0.005532,1.000000,1.000000,0.471140,0.000000,a,マ
1003,33.433333,0.190598,-0.064602,1.000000,1.000000,0.473169,0.000000,s,ス
1004,33.466667,0.190000,-0.243943,1.000000,1.000000,0.474943,0.000000,s,ス
1005,33.500000,0.189774,-0.372669,1.000000,1.000000,0.476456,0.000000,s,ス
1006,33.533333,0.127406,-0.475433,0.450000,0.450000,0.477705,0.000000,s,ス
1007,33.566667,0.000000,-0.315420,0.000000,0.000000,0.478686,0.000000,s,ス
1008,33.600000,0.000000,-0.041007,0.000000,0.000000,0.479396,0.000000,u,ス
1009,33.633333,0.000000,0.000000,0.250000,0.250000,0.479834,0.000000,sp,.
1010,33.666667,0.000000,0.000000,0.600000,0.600000,0.479999,0.000000,sp,.
1011,33.700000,0.000000,-0.105151,0.840000,0.840000,0.479889,0.000000,sil,
1012,33.733333,0.000000,-0.308439,1.000000,1.000000,0.479506,0.000000,sil,
1013,33.766667,0.000000,-0.340433,1.000000,1.000000,0.478849,0.000000,sil,
1014,33.800000,0.147075,-0.267198,1.000000,1.000000,0.477922,0.000000,z,ザ
1015,33.833333,0.202814,-0.192632,1.000000,1.000000,0.476727,0.000000,z,ザ
1016,33.866667,0.542814,-0.106429,1.000000,1.000000,0.475266,0.000000,z,ザ
1017,33.900000,0.798787,0.023089,1.000000,1.000000,0.473544,0.000000,a,ザ
1018,33.933333,0.688454,0.230012,1.000000,1.000000,0.471566,0.000000,a,ザ
1019,33.966667,0.414727,0.477728,1.000000,1.000000,0.469337,0.000000,i,イ
1020,34.000000,0.392054,0.644875,1.000000,1.000000,0.466863,0.000000,i,イ
1021,34.033333,0.386154,0.653725,1.000000,1.000000,0.464151,0.000000,g,ゲ
1022,34.066667,0.584492,0.550314,1.000000,1.000000,0.461208,0.000000,g,ゲ
1023,34.100000,0.575378,0.422885,1.000000,1.000000,0.458043,0.000000,e,ゲ
1024,34.133333,0.235378,0.319453,1.000000,1.000000,0.454664,0.000000,e,ゲ
1025,34.166667,0.151393,0.242788,1.000000,1.000000,0.451080,0.000000,N,ン
1026,34.200000,0.364443,0.178345,1.000000,1.000000,0.447301,0.000000,N,ン
1027,34.233333,0.481840,0.118010,1.000000,1.000000,0.443338,0.000000,g,ガ
1028,34.266667,0.751230,0.060314,1.000000,1.000000,0.439201,0.000000,g,ガ
1029,34.300000,0.793518,0.000000,1.000000,1.000000,0.434902,0.000000,a,ガ
1030,34.333333,0.475749,-0.100332,1.000000,1.000000,0.430453,0.000000,a,ア
1031,34.366667,0.235613,-0.254706,1.000000,1.000000,0.425865,0.000000,r,ル
1032,34.400000,0.333047,-0.422179,1.000000,1.000000,0.421151,0.000000,r,ル
1033,34.433333,0.139454,-0.506652,1.000000,1.000000,0.416325,0.000000,u,ル
1034,34.466667,0.188982,-0.457287,1.000000,1.000000,0.411399,0.000000,k,カ
1035,34.500000,0.500373,-0.330161,1.000000,1.000000,0.406387,0.000000,k,カ
1036,34.533333,0.436720,-0.246782,1.000000,1.000000,0.401303,0.000000,a,カ
1037,34.566667,0.096720,-0.300841,1.000000,1.000000,0.396160,0.000000,a,カ
1038,34.600000,0.301994,-0.435662,1.000000,1.000000,0.390973,0.000000,t,ト
1039,34.633333,0.501546,-0.428511,1.000000,1.000000,0.385756,0.000000,o,ト
1040,34.666667,0.412908,-0.166910,1.000000,1.000000,0.380524,0.000000,i,イ
1041,34.700000,0.395779,0.068281,1.000000,1.000000,0.375289,0.000000,i,イ
1042,34.733333,0.352933,-0.041818,1.000000,1.000000,0.370068,0.000000,u,ウ
1043,34.766667,0.331905,-0.382724,1.000000,1.000000,0.364874,0.000000,u,ウ
1044,34.800000,0.084378,-0.670201,1.000000,1.000000,0.359721,0.000000,u,ウ
1045,34.833333,0.201380,-0.813818,1.000000,1.000000,0.354624,0.000000,t,ト
1046,34.866667,0.412872,-0.824882,1.000000,1.000000,0.349597,0.000000,t,ト
1047,34.900000,0.520312,-0.636479,1.000000,1.000000,0.344761,0.000000,o,ト
1048,34.933333,0.401702,-0.202621,1.000000,1.000000,0.341119,0.000000,i,イ
1049,34.966667,0.321787,0.272016,1.000000,1.000000,0.338899,0.000000,i,イ
1050,35.000000,0.063817,0.495863,1.000000,1.000000,0.338056,0.000000,i,イ
1051,35.033333,0.382115,0.439544,1.000000,1.000000,0.338520,0.000000,k,カ
1052,35.066667,0.635533,0.267660,1.000000,1.000000,0.340192,0.000000,k,カ
1053,35.100000,0.606770,0.115264,1.000000,1.000000,0.342950,0.000000,a,カ
1054,35.133333,0.476678,0.032899,1.000000,1.000000,0.346650,0.000000,r,ラ
1055,35.166667,0.677344,0.005471,1.000000,1.000000,0.351133,0.000000,r,ラ
1056,35.200000,0.714230,0.000000,1.000000,1.000000,0.356221,0.000000,a,ラ
1057,35.233333,0.714230,0.000000,1.000000,1.000000,0.361732,0.000000,a,ラ
1058,35.266667,0.680000,0.006254,1.000000,1.000000,0.367475,0.000000,a,ラ
1059,35.300000,0.340000,0.016263,1.000000,1.000000,0.373258,0.000000,a,ラ
1060,35.333333,0.000000,0.017942,1.000000,1.000000,0.378894,0.000000,a,ラ
1061,35.366667,0.000000,0.000000,1.000000,1.000000,0.384204,0.000000,a,ラ
1062,35.400000,0.000000,0.000000,1.000000,1.000000,0.389018,0.000000,sp,","
1063,35.433333,0.000000,0.000000,1.000000,1.000000,0.393185,0.000000,sp,","
1064,35.466667,0.000000,0.000000,1.000000,1.000000,0.396571,0.000000,sp,","
1065,35.500000,0.000000,0.000000,1.000000,1.000000,0.399068,0.000000,sp,","
1066,35.533333,0.000000,0.000000,1.000000,1.000000,0.400588,0.000000,sp,","
1067,35.566667,0.000000,0.000000,1.000000,1.000000,0.401074,0.000000,sp,","
1068,35.600000,0.000000,0.000000,1.000000,1.000000,0.400496,0.000000,sp,","
1069,35.633333,0.000000,0.000000,1.000000,1.000000,0.398852,0.000000,sp,","
1070,35.666667,0.000000,0.000000,1.000000,1.000000,0.396171,0.000000,sp,","
1071,35.700000,0.000000,0.000000,1.000000,1.000000,0.392509,0.000000,sp,","
1072,35.733333,0.000000,0.000000,1.000000,1.000000,0.387950,0.000000,sp,","
1073,35.766667,0.069289,0.000000,1.000000,1.000000,0.382604,0.000000,sp,","
1074,35.800000,0.186254,0.008077,1.000000,1.000000,0.376603,0.000000,s,セ
1075,35.833333,0.190890,0.139729,1.000000,1.000000,0.370100,0.000000,s,セ
1076,35.866667,0.350628,0.300937,1.000000,1.000000,0.363262,0.000000,s,セ
1077,35.900000,0.619768,0.327192,1.000000,1.000000,0.356271,0.000000,e,セ
1078,35.933333,0.612189,0.291799,1.000000,1.000000,0.349318,0.000000,e,エ
1079,35.966667,0.343207,0.179598,1.000000,1.000000,0.342595,0.000000,e,エ
1080,36.000000,0.190767,-0.016214,1.000000,1.000000,0.336298,0.000000,ch,チョ
1081,36.033333,0.190000,-0.261358,1.000000,1.000000,0.330615,0.000000,ch,チョ
1082,36.066667,0.247565,-0.515373,1.000000,1.000000,0.325726,0.000000,ch,チョ
1083,36.100000,0.553138,-0.741493,1.000000,1.000000,0.321799,0.000000,ch,チョ
1084,36.133333,0.589475,-0.899181,1.000000,1.000000,0.318982,0.000000,o,チョ
1085,36.166667,0.495329,-0.972771,1.000000,1.000000,0.317406,-0.033698,o,オ
1086,36.200000,0.351077,-0.977087,1.000000,1.000000,0.317175,-0.206429,n,ノ
1087,36.233333,0.496145,-0.900144,1.000000,1.000000,0.318369,-0.510317,n,ノ
1088,36.266667,0.244667,-0.687854,1.000000,1.000000,0.321039,-0.916762,o,ノ
1089,36.300000,0.190000,-0.329931,1.000000,1.000000,0.325098,-1.387510,ch,チ
1090,36.333333,0.195839,0.087773,1.000000,1.000000,0.329547,-1.878257,ch,チ
1091,36.366667,0.090023,0.420572,1.000000,1.000000,0.334135,-2.342816,ch,チ
1092,36.400000,0.230765,0.534019,1.000000,1.000000,0.338849,-2.737464,i,チ
1093,36.433333,0.541528,0.422182,1.000000,1.000000,0.343675,-3.025058,k,カ
1094,36.466667,0.731642,0.224676,1.000000,1.000000,0.348601,-3.178531,a,カ
1095,36.500000,0.479942,0.077864,1.000000,1.000000,0.353613,-3.183440,a,カ
1096,36.533333,0.540424,0.008577,1.000000,1.000000,0.358697,-3.039321,r,ラ
1097,36.566667,0.765940,-0.040753,1.000000,1.000000,0.363840,-2.759740,a,ラ
1098,36.600000,0.666642,-0.135802,1.000000,1.000000,0.369027,-2.371008,a,ラ
1099,36.633333,0.536006,-0.297783,1.000000,1.000000,0.374244,-1.909712,o,オ
1100,36.666667,0.533469,-0.500321,1.000000,1.000000,0.379476,-1.419267,o,オ
1101,36.700000,0.533469,-0.702800,1.000000,1.000000,0.384711,-0.945832,o,オ
1102,36.733333,0.531486,-0.864585,1.000000,1.000000,0.389932,-0.533965,o,オ
1103,36.766667,0.309600,-0.957716,1.000000,1.000000,0.395126,-0.222429,o,オ
1104,36.800000,0.000000,-0.992049,1.000000,1.000000,0.400279,-0.040544,o,オ
1105,36.833333,0.000000,-0.999347,1.000000,1.000000,0.405376,0.000000,o,オ
1106,36.866667,0.000000,-1.000000,1.000000,1.000000,0.410403,0.000000,d,ド
1107,36.900000,0.000000,-1.000000,1.000000,1.000000,0.415347,0.000000,d,ド
1108,36.933333,0.000000,-1.000000,1.000000,1.000000,0.420195,0.000000,d,ド
1109,36.966667,0.000000,-1.000000,1.000000,1.000000,0.424932,0.000000,d,ド
1110,37.000000,0.000000,-1.000000,1.000000,1.000000,0.429546,0.000000,d,ド
1111,37.033333,0.000000,-1.000000,1.000000,1.000000,0.434024,0.000000,d,ド
1112,37.066667,0.000000,-1.000000,1.000000,1.000000,0.438354,0.000000,d,ド
1113,37.100000,0.000000,-1.000000,1.000000,1.000000,0.442524,0.000000,d,ド
1114,37.133333,0.000000,-1.000000,1.000000,1.000000,0.446523,0.000000,d,ド
1115,37.166667,0.000000,-1.000000,1.000000,1.000000,0.450339,0.000000,d,ド
1116,37.200000,0.170001,-1.000000,1.000000,1.000000,0.453963,0.000000,d,ド
1117,37.233333,0.400722,-1.000000,1.000000,1.000000,0.457384,0.000000,d,ド
1118,37.266667,0.580899,-0.999952,1.000000,1.000000,0.460593,0.000000,o,ド
1119,37.300000,0.580853,-0.998762,1.000000,1.000000,0.463581,0.000000,o,ド
1120,37.333333,0.547975,-0.991471,1.000000,1.000000,0.466340,0.000000,o,オ
1121,37.366667,0.533065,-0.967186,1.000000,1.000000,0.468862,0.000000,o,オ
1122,37.400000,0.303021,-0.916457,1.000000,1.000000,0.471140,0.000000,o,オ
1123,37.433333,0.227078,-0.836831,1.000000,1.000000,0.473169,0.000000,k,ク
1124,37.466667,0.352489,-0.717284,1.000000,1.000000,0.474943,0.000000,k,ク
1125,37.500000,0.443608,-0.535873,1.000000,1.000000,0.476456,0.000000,u,ク
1126,37.533333,0.620120,-0.297774,1.000000,1.000000,0.477705,0.000000,r,ラ
1127,37.566667,0.399068,-0.045317,1.000000,1.000000,0.478686,0.000000,a,ラ
1128,37.600000,0.191055,0.187090,1.000000,1.000000,0.479396,0.000000,sh,シ
1129,37.633333,0.190000,0.393628,1.000000,1.000000,0.479834,0.000000,sh,シ
1130,37.666667,0.222303,0.558940,1.000000,1.000000,0.479999,0.000000,sh,シ
1131,37.700000,0.430355,0.613510,1.000000,1.000000,0.479889,0.000000,sh,シ
1132,37.733333,0.557216,0.473840,1.000000,1.000000,0.479506,0.000000,e,エ
1133,37.766667,0.366774,0.156931,1.000000,1.000000,0.478849,0.000000,e,エ
1134,37.800000,0.343086,-0.229071,1.000000,1.000000,0.477922,0.000000,t,ト
1135,37.833333,0.492183,-0.584207,1.000000,1.000000,0.476727,0.000000,t,ト
1136,37.866667,0.405208,-0.831932,1.000000,1.000000,0.475266,0.000000,o,ト
1137,37.900000,0.424939,-0.930181,1.000000,1.000000,0.473544,0.000000,d,ド
1138,37.933333,0.517087,-0.875680,1.000000,1.000000,0.471566,0.000000,o,ド
1139,37.966667,0.383056,-0.674796,1.000000,1.000000,0.469337,0.000000,o,ド
1140,38.000000,0.411495,-0.377764,1.000000,1.000000,0.466863,0.000000,k,ケ
1141,38.033333,0.601510,-0.110800,1.000000,1.000000,0.464151,0.000000,e,ケ
1142,38.066667,0.470611,-0.024231,1.000000,1.000000,0.461208,0.000000,e,ケ
1143,38.100000,0.283217,-0.158033,1.000000,1.000000,0.458043,0.000000,r,ル
1144,38.133333,0.350018,-0.369393,1.000000,1.000000,0.454664,0.000000,u,ル
1145,38.166667,0.412908,-0.472868,1.000000,1.000000,0.451080,0.000000,u,ル
1146,38.200000,0.447918,-0.414694,1.000000,1.000000,0.447301,0.000000,k,カ
1147,38.233333,0.530394,-0.258106,1.000000,1.000000,0.443338,0.000000,k,カ
1148,38.266667,0.708279,-0.064922,1.000000,1.000000,0.439201,0.000000,a,カ
1149,38.300000,0.453861,0.044979,0.450000,0.450000,0.434902,0.000000,a,カ
1150,38.333333,0.113861,0.004954,0.000000,0.000000,0.430453,0.000000,e,エ
1151,38.366667,0.000000,0.000000,0.000000,0.000000,0.425865,0.000000,sp,.
1152,38.400000,0.000000,0.000000,0.250000,0.250000,0.421151,0.000000,sp,.
1153,38.433333,0.000000,0.000000,0.600000,0.600000,0.416325,0.000000,sp,.
1154,38.466667,0.000000,-0.023839,0.840000,0.840000,0.411399,0.000000,sil,
1155,38.500000,0.000000,-0.165996,1.000000,1.000000,0.406387,0.000000,sil,
1156,38.533333,0.000000,-0.336844,1.000000,1.000000,0.401303,0.000000,sil,
1157,38.566667,0.000000,-0.444982,1.000000,1.000000,0.396160,0.000000,sil,
1158,38.600000,0.081958,-0.553120,1.000000,1.000000,0.390973,0.000000,sil,
1159,38.633333,0.320633,-0.661093,1.000000,1.000000,0.385756,0.000000,k,コ
1160,38.666667,0.490637,-0.765286,1.000000,1.000000,0.380524,0.000000,k,コ
1161,38.700000,0.589351,-0.849548,1.000000,1.000000,0.375289,0.000000,o,コ
1162,38.733333,0.589375,-0.878811,1.000000,1.000000,0.370068,0.000000,o,コ
1163,38.766667,0.437842,-0.826664,1.000000,1.000000,0.364874,0.000000,o,コ
1164,38.800000,0.150613,-0.709703,1.000000,1.000000,0.359721,0.000000,N,ン
1165,38.833333,0.218786,-0.565016,1.000000,1.000000,0.354624,0.000000,N,ン
1166,38.866667,0.435337,-0.412402,1.000000,1.000000,0.349597,0.000000,k,カ
1167,38.900000,0.513146,-0.244391,1.000000,1.000000,0.344653,0.000000,k,カ
1168,38.933333,0.769513,-0.032879,1.000000,1.000000,0.339805,0.000000,a,カ
1169,38.966667,0.566283,0.212040,1.000000,1.000000,0.335068,0.000000,a,カ
1170,39.000000,0.383688,0.337851,1.000000,1.000000,0.330454,0.000000,i,イ
1171,39.033333,0.331892,0.173784,1.000000,1.000000,0.325976,0.000000,n,ノ
1172,39.066667,0.410257,-0.202940,1.000000,1.000000,0.321646,0.000000,n,ノ
1173,39.100000,0.510932,-0.517791,1.000000,1.000000,0.317476,0.000000,o,ノ
1174,39.133333,0.449926,-0.576379,1.000000,1.000000,0.313477,0.000000,h,ハ
1175,39.166667,0.544162,-0.425840,1.000000,1.000000,0.309661,0.000000,h,ハ
1176,39.200000,0.496641,-0.265274,1.000000,1.000000,0.306037,0.000000,a,ハ
1177,39.233333,0.196961,-0.237700,1.000000,1.000000,0.302763,0.000000,ts,ツ
1178,39.266667,0.190635,-0.335068,1.000000,1.000000,0.300847,0.000000,ts,ツ
1179,39.300000,0.257119,-0.449755,1.000000,1.000000,0.300461,0.000000,ts,ツ
1180,39.333333,0.350979,-0.457876,1.000000,1.000000,0.301554,0.000000,u,ツ
1181,39.366667,0.446160,-0.301725,1.000000,1.000000,0.304047,0.000000,g,ゲ
1182,39.400000,0.612043,-0.070920,1.000000,1.000000,0.307836,0.000000,e,ゲ
1183,39.433333,0.495854,0.060881,1.000000,1.000000,0.312791,0.000000,e,ゲ
1184,39.466667,0.211695,0.008955,1.000000,1.000000,0.318762,0.000000,N,ン
1185,39.500000,0.503331,-0.172592,1.000000,1.000000,0.325581,0.000000,N,ン
1186,39.533333,0.545799,-0.399184,1.000000,1.000000,0.333065,0.000000,o,オ
1187,39.566667,0.545799,-0.624166,1.000000,1.000000,0.341023,0.000000,o,オ
1188,39.600000,0.545799,-0.813469,1.000000,1.000000,0.349258,0.000000,o,オ
1189,39.633333,0.545799,-0.934374,1.000000,1.000000,0.357572,0.000000,o,オ
1190,39.666667,0.463309,-0.816868,1.000000,1.000000,0.365771,0.000000,o,オ
1191,39.700000,0.123309,-0.304247,1.000000,1.000000,0.373669,0.000000,o,オ
1192,39.733333,0.000000,0.000000,1.000000,1.000000,0.381091,0.000000,sp,","
1193,39.766667,0.000000,0.000000,1.000000,1.000000,0.387878,0.000000,sp,","
1194,39.800000,0.000000,0.000000,1.000000,1.000000,0.393893,0.000000,sp,","
1195,39.833333,0.000000,0.000000,1.000000,1.000000,0.399018,0.000000,sp,","
1196,39.866667,0.000000,0.000000,1.000000,1.000000,0.403164,0.000000,sp,","
1197,39.900000,0.000000,0.000000,1.000000,1.000000,0.406265,0.000000,sp,","
1198,39.933333,0.000000,0.000000,1.000000,1.000000,0.408287,0.000000,sp,","
1199,39.966667,0.000000,0.000000,1.000000,1.000000,0.409223,0.000000,sp,","
1200,40.000000,0.000000,0.000000,1.000000,1.000000,0.409095,0.000000,sp,","
1201,40.033333,0.000000,0.000000,1.000000,1.000000,0.407956,0.000000,sp,","
1202,40.066667,0.000000,0.000000,1.000000,1.000000,0.405883,0.000000,sp,","
1203,40.100000,0.170116,0.000000,1.000000,1.000000,0.402981,0.000000,sp,","
1204,40.133333,0.190000,-0.279250,1.000000,1.000000,0.399376,0.000000,s,ソ
1205,40.166667,0.240590,-0.806873,1.000000,1.000000,0.395215,0.000000,s,ソ
1206,40.200000,0.496181,-0.999945,1.000000,1.000000,0.390662,0.000000,s,ソ
1207,40.233333,0.347881,-0.995972,1.000000,1.000000,0.385893,0.000000,n,ノ
1208,40.266667,0.416701,-0.966651,1.000000,1.000000,0.381090,0.000000,n,ノ
1209,40.300000,0.506357,-0.855610,1.000000,1.000000,0.376444,0.000000,o,ノ
1210,40.333333,0.216664,-0.603246,1.000000,1.000000,0.372141,0.000000,sh,シ
1211,40.366667,0.190000,-0.224650,1.000000,1.000000,0.368365,0.000000,sh,シ
1212,40.400000,0.221806,0.184609,1.000000,1.000000,0.365291,0.000000,sh,シ
1213,40.433333,0.349332,0.495317,1.000000,1.000000,0.363079,0.000000,i,シ
1214,40.466667,0.392893,0.604439,1.000000,1.000000,0.361873,0.000000,t,テ
1215,40.500000,0.593924,0.531710,1.000000,1.000000,0.361798,0.000000,t,テ
1216,40.533333,0.371591,0.396013,1.000000,1.000000,0.362952,0.000000,e,テ
1217,40.566667,0.144253,0.280790,1.000000,1.000000,0.365410,0.000000,N,ン
1218,40.600000,0.272117,0.194542,1.000000,1.000000,0.369217,0.000000,N,ン
1219,40.633333,0.471363,0.122407,1.000000,1.000000,0.374244,0.000000,k,カ
1220,40.666667,0.679080,0.062437,1.000000,1.000000,0.379476,0.000000,k,カ
1221,40.700000,0.481742,0.022854,1.000000,1.000000,0.384711,0.000000,a,カ
1222,40.733333,0.470994,0.005320,1.000000,1.000000,0.389932,0.000000,r,ラ
1223,40.766667,0.677723,0.000000,1.000000,1.000000,0.395126,0.000000,r,ラ
1224,40.800000,0.719878,0.000000,1.000000,1.000000,0.400279,0.000000,a,ラ
1225,40.833333,0.680000,0.000000,1.000000,1.000000,0.405376,0.000000,a,ラ
1226,40.866667,0.340000,0.000000,1.000000,1.000000,0.410403,0.000000,a,ラ
1227,40.900000,0.000000,0.000000,1.000000,1.000000,0.415347,0.000000,a,ラ
1228,40.933333,0.000000,0.000000,1.000000,1.000000,0.420195,0.000000,k,カ
1229,40.966667,0.000000,0.000000,1.000000,1.000000,0.424932,0.000000,k,カ
1230,41.000000,0.000000,0.000000,1.000000,1.000000,0.429546,0.000000,k,カ
1231,41.033333,0.000000,0.000000,1.000000,1.000000,0.434024,0.000000,k,カ
1232,41.066667,0.000000,0.000000,1.000000,1.000000,0.438354,0.000000,k,カ
1233,41.100000,0.000000,0.000000,1.000000,1.000000,0.442524,0.000000,k,カ
1234,41.133333,0.000000,0.000000,1.000000,1.000000,0.446523,0.000000,k,カ
1235,41.166667,0.000000,0.000000,1.000000,1.000000,0.450339,0.000000,k,カ
1236,41.200000,0.000000,0.000000,1.000000,1.000000,0.453963,0.000000,k,カ
1237,41.233333,0.147590,0.000000,1.000000,1.000000,0.457384,0.000000,k,カ
1238,41.266667,0.436770,0.000000,1.000000,1.000000,0.460593,0.000000,k,カ
1239,41.300000,0.513177,0.000000,1.000000,1.000000,0.463581,0.000000,k,カ
1240,41.333333,0.775360,0.000000,1.000000,1.000000,0.466340,0.000000,a,カ
1241,41.366667,0.498319,0.000000,1.000000,1.000000,0.468862,0.000000,a,カ
1242,41.400000,0.158319,0.000000,1.000000,1.000000,0.471140,0.000000,N,ン
1243,41.433333,0.301324,0.000000,1.000000,1.000000,0.473169,0.000000,N,ン
1244,41.466667,0.491237,0.000000,1.000000,1.000000,0.474943,0.000000,g,ガ
1245,41.500000,0.763162,0.019200,1.000000,1.000000,0.476456,0.000000,g,ガ
1246,41.533333,0.782554,0.070683,1.000000,1.000000,0.477705,0.000000,a,ガ
1247,41.566667,0.625705,0.163727,1.000000,1.000000,0.478686,0.000000,a,ガ
1248,41.600000,0.550149,0.262364,1.000000,1.000000,0.479396,0.000000,e,エ
1249,41.633333,0.378749,0.326111,1.000000,1.000000,0.479834,0.000000,t,テ
1250,41.666667,0.514327,0.248779,1.000000,1.000000,0.479999,0.000000,t,テ
1251,41.700000,0.340000,0.067639,1.000000,1.000000,0.479889,0.000000,e,テ
1252,41.733333,0.000000,0.000000,1.000000,1.000000,0.479506,0.000000,m,ミ
1253,41.766667,0.135057,0.000000,1.000000,1.000000,0.478849,0.000000,m,ミ
1254,41.800000,0.389637,0.016182,1.000000,1.000000,0.477922,0.000000,i,ミ
1255,41.833333,0.378245,0.320201,1.000000,1.000000,0.476727,0.000000,i,ミ
1256,41.866667,0.434009,0.577019,1.000000,1.000000,0.475266,0.000000,t,テ
1257,41.900000,0.572710,0.439008,1.000000,1.000000,0.473544,0.000000,e,テ
1258,41.933333,0.388269,0.191467,1.000000,1.000000,0.471566,0.000000,e,テ
1259,41.966667,0.219354,-0.090522,1.000000,1.000000,0.469337,0.000000,k,ク
1260,42.000000,0.313985,-0.330372,1.000000,1.000000,0.466863,0.000000,k,ク
1261,42.033333,0.426656,-0.420350,1.000000,1.000000,0.464151,0.000000,u,ク
1262,42.066667,0.545149,-0.332049,1.000000,1.000000,0.461208,0.000000,d,ダ
1263,42.100000,0.498259,-0.170688,1.000000,1.000000,0.458043,0.000000,a,ダ
1264,42.133333,0.196998,-0.055481,1.000000,1.000000,0.454664,0.000000,s,サ
1265,42.166667,0.190000,-0.010227,1.000000,1.000000,0.451080,0.000000,s,サ
1266,42.200000,0.287650,0.004135,1.000000,1.000000,0.447301,0.000000,s,サ
1267,42.233333,0.627650,0.035110,1.000000,1.000000,0.418708,0.000000,a,サ
1268,42.266667,0.706220,0.126970,1.000000,1.000000,0.390401,0.000000,a,サ
1269,42.300000,0.461340,0.269844,1.000000,1.000000,0.362419,0.000000,a,サ
1270,42.333333,0.142206,0.294483,1.000000,1.000000,0.334797,0.000000,i,イ
1271,42.366667,0.000000,0.087378,1.000000,1.000000,0.307569,0.000000,i,イ
1272,42.400000,0.000000,0.000000,1.000000,1.000000,0.280768,0.000000,i,イ
1273,42.433333,0.000000,0.000000,1.000000,1.000000,0.254421,0.000000,sp,.
1274,42.466667,0.000000,0.000000,1.000000,1.000000,0.228555,0.000000,sil,
1275,42.500000,0.000000,0.000000,1.000000,1.000000,0.203194,0.000000,sil,
1276,42.533333,0.000000,0.000000,1.000000,1.000000,0.178357,0.000000,sil,
1277,42.566667,0.000000,0.000000,1.000000,1.000000,0.154062,0.000000,sil,
1278,42.600000,0.000000,0.000000,1.000000,1.000000,0.130324,0.000000,sil,
1279,42.633333,0.000000,0.000000,1.000000,1.000000,0.107155,0.000000,sil,
1280,42.666667,0.000000,0.000000,1.000000,1.000000,0.084561,0.000000,sil,
1281,42.700000,0.000000,0.000000,1.000000,1.000000,0.062548,0.000000,sil,
1282,42.733333,0.000000,0.000000,1.000000,1.000000,0.041119,0.000000,sil,
1283,42.766667,0.000000,0.000000,1.000000,1.000000,0.020271,0.000000,sil,
1284,42.800000,0.000000,0.000000,1.000000,1.000000,0.000000,0.000000,sil,
